time,acc_x,acc_y,acc_z,grav_x,grav_y,grav_z,gyro_yaw,gyro_pitch,gyro_roll,orient_yaw,orient_pitch,orient_roll,gps_lat,gps_lon,gps_speed,gps_accuracy,gps_orient,gps_sats,ins_vel_x,ins_vel_y,ins_vel_z,ins_pos_x,ins_pos_y,ins_pos_z,ins_is_reset,_t_sec,true_vel_x,true_vel_y,true_pos_x,true_pos_y,true_speed_ms,true_heading,err_vel_x,err_vel_y,err_pos_x,err_pos_y
8176913.0,-2.3475,0.8945,8.6135,-0.0348,-0.0159,9.8065,-0.1528,-0.0424,0.1915,97.21,-87.83,-34.02,52.559357,-1.485308,18.78,4,115.94,23 / 23,13.06176554657429,-5.554886371155428,0.0,0.0,0.0,0.0,False,0.0,13.06176554657429,-5.554886371155428,0.0,0.0,14.193888888888889,113.039,0.0,0.0,0.0,0.0
8177014.0,-2.6003,1.0783,9.5286,-0.0211,0.0053,9.8066,-0.1439,-0.0961,0.1132,96.67,-87.96,-34.38,52.559357,-1.485308,18.78,4,115.94,23 / 23,13.280853889661138,-5.272073439614746,-0.07429560000041736,1.3303022815373642,-0.546761470446966,-0.003751927800042159,False,0.10100000000056752,12.863938416439927,-5.608921591525329,1.2969117713010743,-0.5727650683664148,14.033569444457944,113.55820999997232,-0.41691547322121103,-0.3368481519105826,-0.033390510236289916,-0.02600359791944884
8177114.0,0.0614,1.4039,9.7805,-0.0189,-0.0012,9.8065,0.0001,0.1095,-0.0685,96.37,-88.03,-33.28,52.559357,-1.485308,18.78,4,115.94,23 / 23,13.507750237549747,-5.113080613945695,-0.08950560000033426,2.6697324878905992,-1.0660191731221544,-0.011941987800035048,False,0.20100000000002183,12.581703295934275,-5.620554825942639,2.547449736211813,-1.139525609272715,13.78005555557734,114.0714500000294,-0.9260469416154713,-0.5074742119969438,-0.1222827516787861,-0.07350643615056063
8177214.0,-2.2533,0.4878,10.0444,0.014,0.0385,9.8065,0.0869,0.0071,-0.0611,102.2,-87.97,-28.8,52.559357,-1.485308,18.78,4,115.94,23 / 23,13.715687718277188,-4.9763886836064595,-0.07892560000029575,4.030904385686898,-1.5704926380015976,-0.020363547800097186,False,0.3010000000003856,12.433760217668725,-5.48928060043098,3.7910924706509257,-1.6733724512991863,13.591563888892741,113.82060999999584,-1.2819275006084627,-0.512891916824521,-0.23981191503597232,-0.10287981329758877
8177313.0,-0.5465,3.0305,8.6873,0.0339,0.0053,9.8065,-0.0589,0.2598,-0.1392,106.7,-88.19,-24.09,52.559357,-1.485308,18.78,4,115.94,23 / 23,14.007752496530227,-4.855781004710429,-0.12256480000036625,5.403214676322084,-2.0571850375740706,-0.03033732260014608,False,0.4000000000005457,12.283511613970449,-5.463834815088336,5.002422261093531,-2.212779041433831,13.4438888889011,113.97999999998683,-1.7242408825597781,-0.608053810377907,-0.4007924152285529,-0.1555940038597603
8177413.0,-0.8029,0.0735,10.0493,0.004,0.0412,9.8065,0.0022,-0.1874,0.0809,112.84,-88.22,-17.84,52.559357,-1.485308,18.78,4,115.94,23 / 23,14.276791397466296,-4.8122656600467115,-0.16639980000012694,6.817441871014193,-2.5405873708092894,-0.04478555260009189,False,0.5,12.042737584381687,-5.4339624103233515,6.198947585853743,-2.7576341816447636,13.211944444444445,114.286,-2.234053813084609,-0.62169675027664,-0.61849428516045,-0.21704681083547417
8177514.0,-1.7165,-0.4331,9.8621,-0.0133,-0.0044,9.8066,-0.023,0.07,-0.0793,115.62,-88.4,-13.52,52.559357,-1.485308,18.78,4,115.94,23 / 23,14.413570598328642,-4.670835693085179,-0.15134575000004227,8.266305151809979,-3.0194839891451406,-0.0608317028751906,False,0.6010000000005675,11.842003936211285,-5.252925450698331,7.39358010199686,-3.2744682009836774,12.954780555562623,113.92134999998221,-2.571566662117357,-0.5820897576131525,-0.8727250498131189,-0.2549842118385368
8177614.0,-0.8205,-0.2923,9.6057,0.0333,0.0085,9.8065,0.0445,-0.1767,0.0892,124.4,-88.41,-5.93,52.559357,-1.485308,18.78,4,115.94,23 / 23,14.542161077315233,-4.534337009800231,-0.1586207500000025,9.714091735584272,-3.4797426242868994,-0.07633002787510827,False,0.7010000000000218,11.689628922166342,-5.266215924538502,8.556170075544996,-3.807981458838296,12.82109444446706,114.25170000001499,-2.852532155148891,-0.7318789147382709,-1.1579216600392765,-0.3282388345513967
8177714.0,-0.3756,0.1827,9.6584,-0.0025,-0.0095,9.8066,0.0169,-0.0794,-0.0169,127.53,-88.21,-4.05,52.559357,-1.485308,18.78,4,115.94,23 / 23,14.672362314266435,-4.485671757018726,-0.17608075000006593,11.17481790516867,-3.930743062629488,-0.09306510287517258,False,0.8010000000003856,11.522965000426424,-5.160566577687851,9.705239989123067,-4.319366926142635,12.62577500000302,114.12526999999415,-3.1493973138400104,-0.6748948206691248,-1.469577916045603,-0.38862386351314715
8177814.0,0.7722,1.3354,9.6754,-0.0176,0.0051,9.8066,0.0585,-0.0964,0.043,126.32,-88.09,-4.25,52.559357,-1.485308,18.78,4,115.94,23 / 23,14.822345691709621,-4.551453316514946,-0.1900557500001167,12.649553305472837,-4.382599316307815,-0.11137192787524831,False,0.9010000000007494,11.396092655324917,-5.156655625625864,10.840857442655194,-4.81974409588017,12.50848055556755,114.34639000002849,-3.426253036384704,-0.6052023091109175,-1.8086958628176433,-0.4371447795723542
8177914.0,-0.1871,1.8161,9.5227,-0.0177,-0.0112,9.8066,-0.0799,-0.0427,0.065,128.55,-87.98,-2.11,52.559357,-1.485308,18.78,4,115.94,22 / 23,15.030432726963923,-4.67672895635664,-0.21081575000000335,14.14219222639837,-4.844008429948877,-0.13141550287514495,False,1.0010000000002037,11.288591992059265,-5.024934845164016,11.969512065350287,-5.320232461301958,12.356474999999769,113.99555000000096,-3.741840734904658,-0.34820588880737624,-2.172680161048083,-0.4762240313530812
8178013.0,2.5771,1.7367,8.6582,-0.0073,0.0036,9.8066,-0.1108,-0.1408,0.1173,131.77,-87.78,2.35,52.559357,-1.485308,18.78,4,115.94,22 / 23,15.184573092232096,-4.887923562541935,-0.2817195500001179,15.63783501445099,-5.317458729635122,-0.15579600022519036,False,1.1000000000003638,11.0887771553428,-5.0871427343211995,13.06037811974699,-5.826614156834008,12.200000000008624,114.64399999996427,-4.095795936889296,-0.19921917177926485,-2.5774568947040013,-0.5091554271988858
8178113.0,-0.3624,-0.9373,10.4948,-0.0064,-0.0214,9.8065,0.1234,-0.2278,0.054,136.21,-87.48,6.75,52.559357,-1.485308,18.78,4,115.94,22 / 23,15.243140621894927,-5.012253939560013,-0.30473455000020155,17.159220700162876,-5.812467604742021,-0.185118705225313,False,1.2000000000007276,10.992092176255067,-4.946730934139708,14.155502993095709,-6.315871834140068,12.053888888904835,114.22900000004529,-4.25104844563986,0.06552300542030487,-3.0037177070671675,-0.503404229398047
8178213.0,2.8067,2.414,10.101,-0.0054,-0.0191,9.8065,0.0756,0.1358,-0.1085,135.56,-87.43,6.04,52.559357,-1.485308,18.78,4,115.94,22 / 23,15.306556966431964,-5.170350672614155,-0.25560955000046953,18.686705579570887,-6.3215978353479505,-0.21313591022519368,False,1.300000000000182,10.77842888458684,-4.871177373629346,15.230347776311378,-6.794010018379148,11.828055555561718,114.3199999999975,-4.528128081845125,0.29917329898480816,-3.4563578032595093,-0.4724121830311976
8178314.0,-1.743,-0.1326,9.5923,0.0061,0.0098,9.8066,-0.0369,-0.1457,0.166,142.25,-87.52,10.57,52.559357,-1.485308,18.78,4,115.94,22 / 23,15.454280163457875,-5.322847274692422,-0.25156955000044673,20.240127854639052,-6.8515043316899105,-0.23874845477538387,False,1.4010000000007494,10.683173798174964,-4.929875400378794,16.302218146181698,-7.298946180814042,11.765805555573317,114.77135000006828,-4.771106365282911,0.3929718743136279,-3.9379097084573544,-0.44744184912413143
8178414.0,0.5498,0.9624,9.7418,-0.0223,-0.0232,9.8066,0.0106,0.3292,-0.086,143.78,-87.57,14.66,52.559357,-1.485308,18.78,4,115.94,22 / 23,15.620585554145002,-5.351409744752922,-0.26552955000037054,21.793871140510717,-7.385217182659265,-0.2646034097752836,False,1.5010000000002037,10.549428651248691,-4.680955222416638,17.356444837658895,-7.755178964978325,11.541336111110862,113.92784000000188,-5.071156902896311,0.6704545223362839,-4.437426302851822,-0.3699617823190593
8178514.0,-1.345,-0.2199,10.3864,0.0111,0.038,9.8065,0.0124,0.0845,0.0212,151.24,-87.43,21.25,52.559357,-1.485308,18.78,4,115.94,22 / 23,15.772709758283915,-5.403855980352696,-0.23978455000027685,23.363535906137873,-7.922980468916503,-0.2898691147754079,False,1.6010000000005675,10.287894207991876,-4.8385277861789495,18.37714177978672,-8.243991862574367,11.368930555567136,115.18799000005848,-5.484815550292039,0.5653281941737465,-4.986394126351154,-0.321011393657864
8178614.0,-0.8078,1.7372,9.9509,-0.0049,0.0055,9.8065,-0.0031,0.4321,-0.1351,148.56,-87.35,20.93,52.559357,-1.485308,18.78,4,115.94,22 / 23,15.996789989569663,-5.458168512000272,-0.2035845500004743,24.952010893521884,-8.466081693531187,-0.3120375697753245,False,1.7010000000000218,10.180038960300964,-4.553538448158407,19.39107869184853,-8.688882763684598,11.152036111122868,114.09900999998835,-5.8167510292686995,0.9046300638418652,-5.560932201673353,-0.22280107015341066
8178714.0,0.8385,3.1907,9.9344,0.023,0.0255,9.8065,-0.0362,0.189,-0.0513,145.53,-87.21,19.12,52.559357,-1.485308,18.78,4,115.94,22 / 23,16.224970530160522,-5.705157511207688,-0.18998455000042472,26.563098919514253,-9.024247994693615,-0.33171602477544104,False,1.8010000000003856,10.078328536132735,-4.529077560447165,20.398120373336845,-9.144670767455995,11.04921944444933,114.19856000000114,-6.146641994027787,1.1760799507605233,-6.164978546177409,-0.12042277276237989
8178814.0,-0.1357,3.091,10.1581,-0.0322,-0.0055,9.8066,-0.0873,0.2801,-0.0205,142.8,-87.06,17.65,52.559357,-1.485308,18.78,4,115.94,22 / 23,16.474062870864714,-6.013404311841756,-0.16602455000033753,28.198050589571462,-9.61017608584822,-0.3495164797755439,False,1.9010000000007494,9.909044315233157,-4.443868421421966,21.384881964467954,-9.589339280117347,10.859886111127361,114.15460000000316,-6.565018555631557,1.5695358904197905,-6.813168625103508,0.02083680573087321
8178913.0,-1.0332,0.4904,10.0189,-0.0096,0.0163,9.8066,-0.0793,0.0366,0.0761,144.26,-87.01,20.13,52.558887,-1.483633,7.76,4,107.19,23 / 23,16.72156995380526,-6.153665928439607,-0.1381214000005487,29.841234414380185,-10.21244606273759,-0.3645717043004738,False,2.0,9.726122939920712,-4.353761198078478,22.341899423367877,-10.01866289110287,10.65611111111111,114.115,-6.995447013884549,1.7999047303611295,-7.499334991012308,0.1937831716347187
8179014.0,0.0732,2.3011,9.8485,0.0164,0.0141,9.8066,0.1162,0.2035,0.003,144.31,-87.01,20.68,52.558887,-1.483633,7.76,4,107.19,23 / 23,16.938596309230544,-6.274369656553168,-0.12528935000047656,31.541072810673043,-10.840061859783251,-0.37787394717560036,False,2.1010000000005675,9.558388016267624,-4.310778298180525,23.30432490619007,-10.456437317860084,10.485494444458046,114.27508000000488,-7.380208292962919,1.9635913583726436,-8.236747904482971,0.383624541923167
8179114.0,0.1875,-0.8457,9.1806,0.0188,0.0255,9.8065,0.0358,0.0155,-0.003,152.58,-87.13,27.9,52.558887,-1.483633,7.76,4,107.19,23 / 23,17.066457312488534,-6.377590391510254,-0.15449935000031711,33.24132549174972,-11.47265986218297,-0.3918633821755637,False,2.201000000000022,9.332096678657184,-4.190938075394895,24.23031382686281,-10.867858546072686,10.229955555578492,114.18430999999643,-7.734360633831351,2.1866523161153593,-9.011011664886908,0.6048013161102848
8179214.0,2.358,2.2672,10.5358,0.0137,-0.0129,9.8066,-0.0387,0.3645,-0.1112,156.35,-87.1,33.36,52.558887,-1.483633,7.76,4,107.19,23 / 23,17.06303393357635,-6.545839716020751,-0.1493443500002983,34.94780005405917,-12.11883136756187,-0.4070555671756498,False,2.3010000000003856,9.149182396564687,-4.114969880612942,25.14285028780393,-11.279279775047954,10.03197500000279,114.21649999999613,-7.913851537011663,2.430869835407809,-9.804949766255241,0.8395515925139172
8179313.0,0.6746,1.1971,9.4324,0.0353,0.0434,9.8064,-0.0903,0.0727,0.1587,160.25,-86.94,37.41,52.558887,-1.483633,7.76,4,107.19,23 / 23,17.07222812852495,-6.817986294128026,-0.13177680000026987,36.63749552613592,-12.780340755065305,-0.4209710641007004,False,2.4000000000005457,9.041038231985217,-4.094539374332251,26.039635878530472,-11.686586791673967,9.925000000008843,114.36499999998772,-8.031189896539734,2.7234469197957756,-10.59785964760545,1.0937539633913378
8179413.0,2.2998,3.7843,8.8295,-0.0067,-0.0129,9.8066,-0.1094,0.5232,-0.0964,154.36,-86.84,33.7,52.558887,-1.483633,7.76,4,107.19,23 / 23,17.12314597129571,-7.160592233623763,-0.19934679999990113,38.34726423111763,-13.47926968144908,-0.4375272441006186,False,2.5,8.834382101101237,-4.053651797051895,26.91843978939209,-12.086888527513274,9.719999999999999,114.648,-8.288763870194472,3.1069404365718682,-11.428824441725538,1.3923811539358066
8179513.0,0.8029,-0.0011,9.2655,0.0043,0.0227,9.8066,-0.0569,0.0971,0.0845,156.86,-86.67,34.75,52.558887,-1.483633,7.76,4,107.19,23 / 23,17.150316031652768,-7.448732863192545,-0.2752618000001773,40.06093733127128,-14.209735936292553,-0.46125767410070884,False,2.600000000000364,8.62704180289086,-3.886198965723826,27.78372363989464,-12.464951278447288,9.461944444458526,114.25000000002171,-8.523274228761908,3.5625338974687186,-12.277213691376645,1.7447846578452655
8179613.0,0.1265,0.0445,9.8972,-0.0188,-0.0098,9.8066,-0.065,0.5537,-0.1167,153.04,-86.59,32.17,52.558887,-1.483633,7.76,4,107.19,23 / 23,17.195214672406394,-7.520374062217558,-0.29779180000025923,41.77821386648049,-14.958191282565782,-0.4899103541008349,False,2.7000000000007276,8.509586233916579,-3.798503949094317,28.628727400197388,-12.854133521098257,9.318888888904501,114.0550000000213,-8.685628438489815,3.7218701131232406,-13.149486466283104,2.1040577614675247
8179713.0,2.3069,4.0515,9.0086,0.0003,0.0227,9.8066,-0.0045,0.1456,0.0428,152.44,-86.44,31.51,52.558887,-1.483633,7.76,4,107.19,23 / 23,17.270473337359764,-7.805898979464977,-0.33316680000006615,43.501498266959395,-15.724504934645726,-0.521458284100679,False,2.800000000000182,8.270033439794538,-3.9152326756865,29.453451070359105,-13.24331576451025,9.150000000004606,115.3339999999651,-9.000439897565226,3.8906663037784766,-14.04804719660029,2.481189170135476
8179813.0,1.9344,3.3915,10.0999,-0.0219,-0.0222,9.8065,0.0243,0.6169,-0.1764,149.95,-86.42,31.32,52.558887,-1.483633,7.76,4,107.19,23 / 23,17.352791264007617,-8.279377102555625,-0.35840680000015795,45.23266149703406,-16.528768738749683,-0.5560369641008159,False,2.9000000000005457,8.142685360800492,-3.7053446705600956,30.271414710321395,-13.61025902231266,8.9461111111278,114.46800000007089,-9.210105903207126,4.574032431995529,-14.961246786712664,2.9185097164370237
8179913.0,1.44,1.3817,9.9557,0.0028,-0.0169,9.8066,0.018,0.3306,-0.1064,150.55,-86.55,31.18,52.558887,-1.483633,7.76,4,107.19,23 / 23,17.415663997909103,-8.61398253149438,-0.3362918000002786,46.971084260120406,-17.373436720447575,-0.5907718941006482,False,3.0,8.181010227802407,-3.663656051669986,31.082618320309834,-13.977202280164525,8.96388888888889,114.124,-9.234653770106696,4.950326479824393,-15.888465939810573,3.3962344402830507
8180013.0,-0.5781,-3.9212,10.1101,-0.0165,-0.0657,9.8064,-0.0489,0.5561,-0.2537,146.82,-86.86,29.95,52.558887,-1.483633,7.76,4,107.19,23 / 23,17.395351199515137,-8.570953539375493,-0.31366680000019626,48.71163501999795,-18.232683523994194,-0.6232698241007902,False,3.100000000000364,7.9915148905148214,-3.5804700470698103,31.88030187001728,-14.333026046248765,8.756944444455737,114.13399999999946,-9.403836309000315,4.990483492305683,-16.83133314998067,3.8996574777454285
8180114.0,1.887,0.3542,8.8406,0.0184,-0.0238,9.8065,-0.1579,0.5425,-0.0779,150.04,-86.71,33.26,52.558887,-1.483633,7.76,4,107.19,23 / 23,17.330422750663264,-8.493660503603095,-0.34712810000008293,50.46528660447602,-19.094446533161694,-0.6566399665506913,False,3.201000000000022,7.993141373491957,-3.4863114823014074,32.69272228531612,-14.68128855614463,8.720361111106946,113.56502999996505,-9.337281377171307,5.007349021301688,-17.772564319159898,4.413157977017065
8180214.0,-0.6946,-4.3472,9.4903,-0.0409,-0.0372,9.8064,-0.1594,0.3513,-0.0399,148.49,-86.36,31.42,52.558887,-1.483633,7.76,4,107.19,23 / 23,17.264670860074563,-8.394928591841158,-0.41124810000031614,52.1950412850192,-19.938875987936978,-0.6945587765508492,False,3.3010000000003856,8.007023139076878,-3.5411037617372094,33.49040583515179,-15.036889931717798,8.755111111113694,113.85731000001987,-9.257647720997685,4.853824830103948,-18.70463544986741,4.9019860562191795
8180313.0,2.3536,1.354,10.2165,-0.0747,-0.053,9.8061,-0.1065,0.3981,-0.2587,138.59,-85.98,20.74,52.558887,-1.483633,7.76,4,107.19,23 / 23,17.23208298212391,-8.353346232365238,-0.40661985000030865,53.902630600210784,-20.767915591736536,-0.7350432400759456,False,3.4000000000005457,7.962314157267514,-3.3955578082281495,34.280112549360574,-15.367138863738756,8.656111111119296,113.09600000006294,-9.269768824856396,4.957788424137089,-19.62251805085021,5.40077672799778
8180413.0,0.0375,-1.3612,10.8868,0.0005,0.0239,9.8066,-0.1089,0.1622,-0.0362,136.42,-85.75,19.84,52.558887,-1.483633,7.76,4,107.19,23 / 23,17.238159611543683,-8.456752141915485,-0.3321198500007152,55.62614272988476,-21.608420510445985,-0.7719802250757952,False,3.5,7.947499066303914,-3.301879320612509,35.071036069118456,-15.700723643604086,8.60611111111111,112.561,-9.290660545239769,5.154872821302977,-20.555106660766306,5.907696866841899
8180514.0,1.6409,0.804,9.9025,0.0337,0.003,9.8065,0.1717,-0.0626,-0.0208,141.46,-85.74,23.54,52.558887,-1.483633,7.76,4,107.19,23 / 23,17.248008842264664,-8.517127912238758,-0.27273185000038147,57.36769423681187,-22.46560145318559,-0.8025252359260222,False,3.6010000000005675,7.946144078342779,-3.1924878793347635,35.86980122365177,-16.015294090733725,8.563480555557724,111.88857999998629,-9.301864763921884,5.324640032903995,-21.497893013160102,6.450307362451866
8180614.0,-1.158,-4.0694,9.7933,0.0734,0.0161,9.8063,0.1159,-0.4284,0.1433,145.69,-86.33,28.36,52.558887,-1.483633,7.76,4,107.19,23 / 23,17.23684343987043,-8.431991942616246,-0.2686068500004039,59.091936850909214,-23.313057445923718,-0.8295921709259138,False,3.701000000000022,7.893393832698727,-3.210735472390361,36.65389711288365,-16.337536987580005,8.521425000018805,112.13446000011002,-9.343449607171703,5.221256470225885,-22.438039738025566,6.975520458343713
8180714.0,0.3576,-2.0763,9.9886,0.012,-0.0319,9.8066,0.0042,-0.1207,0.0225,148.38,-86.81,29.03,52.558887,-1.483633,7.76,4,107.19,23 / 23,17.193023241589273,-8.19094314169735,-0.26017685000037316,60.81343018498846,-24.144204200142422,-0.8560313559260488,False,3.8010000000003856,7.79416863746154,-3.020462528108459,37.43130057247545,-16.637540900313407,8.358969444447105,111.1826800000189,-9.398854604127733,5.170480613588891,-23.382129612513012,7.506663299829015
8180813.0,-2.0235,-4.3691,10.0539,-0.0019,0.0074,9.8066,0.0207,-0.4672,0.216,143.45,-87.2,21.87,52.558887,-1.483633,7.76,4,107.19,23 / 23,17.168178711499273,-7.915787887777417,-0.23893145000033872,62.5143096816691,-24.94148738610271,-0.880737216776124,False,3.9000000000005457,7.736167836116262,-2.8859727597849214,38.20092999737206,-16.91274834413104,8.25694444445288,110.45800000005991,-9.43201087538301,5.029815127992496,-24.31337968429704,8.028739041971672
8180913.0,-0.8425,-0.125,7.7406,-0.0313,0.0089,9.8066,-0.138,-0.1347,-0.0242,134.12,-87.06,12.05,52.558887,-1.483633,7.76,4,107.19,22 / 23,17.241194554842586,-7.670355811068674,-0.3298714499998424,64.2347783449768,-25.720794571040763,-0.9091773617759779,False,4.0,7.675075294170967,-2.771068246869148,38.9648133967604,-17.190735659742383,8.16,109.852,-9.56611926067162,4.899287564199526,-25.269964948216405,8.53005891129838
8181014.0,-0.0588,-2.6022,10.2292,-0.045,0.0053,9.8065,-0.0759,-0.1469,-0.001,128.18,-86.74,5.61,52.558887,-1.483633,7.76,4,107.19,22 / 23,17.265455073590743,-7.56379309789308,-0.4128682000003087,65.97736415122247,-26.490119090947655,-0.9466857141011963,False,4.1010000000005675,7.561360307321781,-2.5655054372650157,39.72261276899293,-17.437588397284618,7.984763888900471,108.74121000008387,-9.704094766268963,4.998287660628064,-26.254751382229543,9.052530693663037
8181113.0,-3.1685,-7.7918,12.0425,0.0083,-0.0075,9.8066,-0.0644,-0.0324,-0.1296,128.05,-86.44,3.76,52.558887,-1.483633,7.76,4,107.19,22 / 23,17.05820382606908,-7.127125955691403,-0.2812774000000958,67.67638526675839,-27.21731958410126,-0.9810459213012719,False,4.200000000000728,7.422333014892977,-2.2944731823003757,40.45878004495612,-17.657754352198673,7.768888888912689,107.17800000017233,-9.635870811176101,4.832652773391027,-27.217605221802266,9.559565231902589
8181214.0,4.4259,1.1492,10.2177,-0.003,-0.0705,9.8063,-0.0305,0.4144,-0.5396,138.26,-86.49,12.03,52.558887,-1.483633,7.76,4,107.19,22 / 23,16.818720425160794,-6.966114909204593,-0.1476089500005483,69.38716994143971,-27.9290282477761,-1.002704681976231,False,4.301000000000386,7.252522680929101,-2.1665331184761305,41.18920129545913,-17.87091502700139,7.56921944444933,106.63215000002286,-9.566197744231694,4.799581790728462,-28.19796864598058,10.058113220774707
8181314.0,-2.9305,-4.0567,8.0403,0.0196,-0.0316,9.8066,0.1504,-0.3456,-0.0082,151.0,-86.62,24.12,52.558887,-1.483633,7.76,4,107.19,22 / 23,16.815351339373358,-6.942431017108605,-0.21537395000079473,71.06887352967253,-28.62445554409429,-1.0208538269763643,False,4.401000000000749,7.105404330988495,-2.0034606506733463,41.89907205439142,-18.05994640176842,7.3824638888847876,105.7465500000746,-9.709947008384862,4.938970366435258,-29.169801475281112,10.564509142325868
8181413.0,-0.2975,-5.8016,11.3967,-0.0394,-0.0287,9.8065,0.1593,-0.3499,-0.1348,153.55,-87.11,26.02,52.558887,-1.483633,7.76,4,107.19,22 / 23,16.818033727996983,-6.479316107237715,-0.22410080000072866,72.73372609049476,-29.2888320267444,-1.042607827101275,False,4.5,7.186892940348983,-1.9003352010389196,42.60846961132854,-18.247087463505895,7.433888888888889,104.811,-9.631140787648,4.578980906198795,-30.125256479166218,11.041744563238506
8181513.0,0.0255,-4.0186,10.8131,-0.0218,0.0744,9.8063,0.1101,-0.7303,0.1085,157.49,-86.56,28.56,52.558887,-1.483633,7.76,4,107.19,22 / 23,16.709991382754243,-6.079762230724981,-0.09427580000025632,74.41012734603842,-29.916785943644822,-1.0585266571013823,False,4.600000000000364,7.16009014760623,-1.7121142138580405,43.32503280007111,-18.413879853415807,7.36194444444837,103.44800000007437,-9.549901235148013,4.367648016866941,-31.085094545967316,11.502906090229015
8181613.0,-2.8511,-4.5047,8.7449,0.0433,0.0505,9.8064,-0.1463,-0.69,0.2037,158.51,-86.45,28.47,52.558887,-1.483633,7.76,4,107.19,22 / 23,16.765689030307602,-5.6884500150309885,-0.09704080000026633,76.0839113666976,-30.50519655593476,-1.0680924871014432,False,4.700000000000728,7.312811045748444,-1.5148096876720898,44.055116048969275,-18.547313765345557,7.468055555543975,101.70300000019046,-9.452877984559159,4.173640327358899,-32.02879531772833,11.957882790589203
8181714.0,1.8181,-0.4229,10.2047,0.0517,0.029,9.8065,-0.0995,-0.5409,0.2313,152.94,-86.28,23.87,52.558887,-1.483633,7.76,4,107.19,22 / 23,16.811413245291572,-5.499500345303154,-0.13055765000015276,77.77955503160962,-31.07018804912972,-1.0795862088264254,False,4.801000000000386,7.340993394588233,-1.391772500714333,44.79912495991538,-18.681859627256475,7.4717861111143895,100.73499000003876,-9.470419850703339,4.107727844588822,-32.98043007169424,12.388328421873243
8181814.0,-0.6488,-4.3669,10.2196,-0.0098,0.0178,9.8066,0.1111,-0.6142,0.0756,156.48,-86.32,23.68,52.558887,-1.483633,7.76,4,107.19,22 / 23,16.75013466603395,-5.35958022515432,-0.09000765000000516,79.457632427182,-31.61314207765457,-1.0906144738264734,False,4.901000000000749,7.25098274525772,-1.1784866316225018,45.51582334925936,-18.792720968157088,7.346161111110717,99.23145000013854,-9.499151920776232,4.181093593531818,-33.94180907792265,12.820421109497481
8181914.0,0.9409,-0.4211,9.7956,-0.0194,0.0124,9.8066,0.0922,-0.3793,-0.093,153.77,-86.39,22.08,52.558887,-1.483633,7.76,4,107.19,21 / 23,16.727570204709288,-5.199678080227574,-0.06991265000011475,81.13151767071004,-32.14110499292078,-1.0986104888264356,False,5.001000000000204,7.288990349723628,-0.957192371598753,46.24597419854437,-18.87055741726377,7.3515888888889585,97.48136999999817,-9.43857985498566,4.242485708628822,-34.88554347216567,13.270547575657012
8182014.0,-0.8816,-4.0801,10.8828,0.0356,0.0175,9.8065,0.0155,-0.4816,0.1897,156.11,-86.52,22.07,52.558887,-1.483633,7.76,4,107.19,21 / 23,16.720252146193747,-5.048273022788709,-0.016657649999920955,82.80390878826128,-32.65350254807346,-1.1029390038264533,False,5.1010000000005675,7.354107654272876,-0.8010520833467341,46.98268227692703,-18.948171476505543,7.397630555562238,96.21623000007844,-9.36614449192087,4.247220939441974,-35.82122651133425,13.705331071567919
8182114.0,-0.638,-4.4424,10.3991,0.0285,-0.0697,9.8063,-0.0254,-0.0541,-0.1297,155.48,-87.16,21.69,52.558887,-1.483633,7.76,4,107.19,21 / 23,16.700526377418207,-4.680930093372165,0.06677234999962384,84.47494771443276,-33.13996270387885,-1.1004332688264817,False,5.201000000000022,7.249197120303181,-0.6020025169625595,47.70614069632222,-19.003657745107073,7.274155555542871,94.74728000007751,-9.451329257115026,4.078927576409606,-36.768807018110536,14.136304958771778
8182214.0,-0.391,-4.1788,10.2945,0.0196,0.0017,9.8065,0.0749,-0.2411,0.0784,161.28,-87.35,24.25,52.558887,-1.483633,7.76,4,107.19,21 / 23,16.672019035221734,-4.317547395705107,0.12078734999982041,86.14357498507083,-33.58988657833435,-1.0910552838264753,False,5.301000000000386,7.36300164097649,-0.5234870875152642,48.442781174496965,-19.048024519903205,7.381613888892613,94.06641000004026,-9.309017394245243,3.794060308189843,-37.70079381057386,14.541862058431146
8182314.0,-3.4474,-4.1873,8.9847,-0.0464,-0.0289,9.8064,-0.075,0.0781,-0.0797,159.07,-87.38,21.94,52.558887,-1.483633,7.76,4,107.19,21 / 23,16.791167476128184,-3.9150088738816096,0.10408234999975967,87.8167343106444,-34.001514391815185,-1.0798117988264555,False,5.401000000000749,7.233529000358367,-0.3187824609488365,49.15961476444144,-19.081382998578412,7.240549999986886,92.52338999999692,-9.557638475769817,3.596226412932773,-38.65711954620296,14.920131393236773
8182413.0,1.306,2.39,9.1773,-0.0732,-0.0332,9.8063,-0.1823,0.332,-0.2541,148.59,-87.13,10.9,52.558887,-1.483633,7.76,4,107.19,21 / 23,16.969250870104155,-3.843808431803909,0.032243000000303584,89.48787501877025,-34.38557584844371,-1.0730636940015035,False,5.5,7.397598228240849,-0.331006727315111,49.8957820404917,-19.11440789108476,7.405,92.562,-9.571652641863306,3.512801704488798,-39.59209297827855,15.271167957358948
8182513.0,-1.8385,-5.5293,11.0982,-0.0523,-0.0153,9.8064,-0.0183,0.1005,-0.0464,146.29,-86.69,8.13,52.558887,-1.483633,7.76,4,107.19,21 / 23,16.991261222777084,-3.738171654261149,0.06535300000042414,91.1859006234205,-34.76467485274834,-1.0681838940014494,False,5.600000000000364,7.417436748621169,-0.25863374994372423,50.63262531948893,-19.14776636835942,7.42194444444352,91.99700000003084,-9.573824474155915,3.479537904317425,-40.553275303931564,15.616908484388922
8182613.0,2.0024,3.0343,9.4881,-0.0551,-0.1203,9.8057,-0.0757,0.4728,-0.3796,138.77,-86.65,0.35,52.558887,-1.483633,7.76,4,107.19,21 / 23,17.034261312903222,-3.6684859438757034,0.11400300000060117,92.8871767502107,-35.13500773265653,-1.0592160940013655,False,5.700000000000728,7.56988848317514,0.041089561177907186,51.3897486886994,-19.125527384220003,7.569999999983841,89.68900000025188,-9.464372829728083,3.7095755050536106,-41.4974280615113,16.00948034843653
8182713.0,-0.1469,-1.7047,10.609,0.0495,-0.0379,9.8064,0.177,-0.4173,0.2143,148.58,-87.44,8.72,52.558887,-1.483633,7.76,4,107.19,21 / 23,17.115276359847236,-3.8050786064543547,0.1381930000004692,94.5946536338389,-35.50868596017099,-1.0466062940013807,False,5.800000000000182,7.48989363665957,-0.1350518069861744,52.14011202795606,-19.14776636836063,7.4911111111132636,91.03299999996334,-9.625382723187666,3.67002679946818,-42.454541605882845,16.36091959181036
8182814.0,-1.8692,-7.7412,10.5086,-0.0238,-0.0951,9.8062,-0.078,0.4285,-0.3897,147.22,-87.92,6.56,52.558887,-1.483633,7.76,4,107.19,21 / 23,17.037480277818645,-3.3884501716321807,0.21416015000089608,96.31936784405072,-35.87195916346641,-1.0288124599262118,False,5.901000000000749,7.402325306406473,-0.1277683998977636,52.884256139392235,-19.17033893940408,7.403430555559174,90.98888999996139,-9.635154971412172,3.260681771734417,-43.43511170465848,16.701620224062328
8182915.0,-0.0813,-3.5165,9.0067,0.0216,0.0269,9.8065,0.0183,-0.7096,0.3066,160.58,-87.74,18.03,52.558887,-1.483633,7.76,4,107.19,21 / 22,16.937723839963205,-2.889476346054437,0.2092111500009129,98.0351156519929,-36.188994452608505,-1.007432209276193,False,6.0020000000004075,7.356781258116219,-0.19322101361476823,53.62191062210991,-19.204475781895827,7.359372222222414,91.50422000000454,-9.580942581846987,2.6962553324396685,-44.41320502988299,16.984518670712678
8183014.0,-0.1805,-4.8868,9.4545,-0.0715,-0.0311,9.8063,-0.1445,0.198,-0.0481,151.98,-87.54,10.05,52.558887,-1.483633,7.76,4,107.19,21 / 22,16.862105497995998,-2.558643751977356,0.15218220000082072,99.70820720422458,-36.45867639746152,-0.9895432384510782,False,6.1010000000005675,7.414293920297756,-0.3929576444828881,54.358145498373474,-19.259294881631103,7.424699999995691,93.03384000000085,-9.447811577698243,2.165686107494468,-45.350061705851104,17.199381515830414
8183113.0,-2.3168,-5.3485,9.1653,-0.0024,0.0511,9.8064,-0.0074,-0.6536,0.3653,148.51,-86.85,4.79,52.558887,-1.483633,7.76,4,107.19,21 / 22,16.805321629406972,-2.0986055814957183,0.10300395000074125,101.37474484703372,-36.68921023946881,-0.9769115240259805,False,6.200000000000728,7.494590892576047,-0.3951358662324779,55.10100520410738,-19.29231977413295,7.504999999991147,93.01800000000175,-9.310730736830925,1.7034697152632403,-46.273739642926344,17.396890465335858
8183213.0,0.9024,0.6522,9.981,-0.0495,-0.0291,9.8064,0.0548,0.0929,0.0482,139.18,-86.73,-5.29,52.558887,-1.483633,7.76,4,107.19,21 / 22,16.846003662063882,-1.8975900805404509,0.07965395000086874,103.05731111159808,-36.889020022569525,-0.9677786290259498,False,6.300000000000182,7.589631603274601,-0.6796264610250875,55.858128573434946,-19.370156222527562,7.619999999996861,95.11699999994273,-9.256372058789282,1.2179636195153634,-47.199182538163136,17.518863800041963
8183314.0,5.5844,0.623,9.2347,0.0499,0.0233,9.8065,0.1445,-0.5851,0.3099,132.7,-86.93,-11.26,52.558887,-1.483633,7.76,4,107.19,21 / 22,16.764181335349154,-2.201190567698816,0.05957515000075597,104.75462545397698,-37.09600844530677,-0.9607475594758282,False,6.401000000000749,7.6067908249331735,-0.9607984195445295,56.62295837695545,-19.49369378622485,7.667261111102032,97.19854999986934,-9.15739051041598,1.2403921481542866,-48.13166707702153,17.602314659081923
8183414.0,3.0228,1.4015,10.0825,-0.0005,-0.0315,9.8065,0.0859,-0.097,0.1078,130.28,-87.3,-13.97,52.558887,-1.483633,7.76,4,107.19,21 / 22,16.65314201449398,-2.6005527172576977,0.044770150000836804,106.42549162146003,-37.33609560955329,-0.9555302944757771,False,6.501000000000204,7.686702611515217,-1.1984935558159693,57.39333140525066,-19.616564180372826,7.779649999999787,98.86256000000373,-8.966439402978764,1.4020591614417284,-49.03216021620936,17.719531429180464
8183514.0,2.2104,-0.7872,9.9961,0.0426,0.0538,9.8063,0.0845,-0.4883,0.2859,121.25,-87.41,-20.5,52.558887,-1.483633,7.76,4,107.19,21 / 22,16.61803471233544,-2.837640904250247,0.06803515000092149,108.08905045780755,-37.60800529062968,-0.9498900294756687,False,6.6010000000005675,7.484215732602531,-1.510819273280667,58.13693471429273,-19.79458725763129,7.6352305555543305,101.41271999989526,-9.133818979732908,1.3268216309695802,-49.95211574351482,17.81341803299839
8183614.0,-0.3811,-5.4868,10.0412,0.0086,-0.0029,9.8066,0.0195,-0.1431,0.1162,125.39,-87.46,-17.09,52.558887,-1.483633,7.76,4,107.19,21 / 22,16.41482675375245,-2.7354265334964554,0.08923515000080587,109.74069353110292,-37.886658662515494,-0.9420265144756252,False,6.701000000000022,7.4519440577400395,-1.7722825392320616,58.880673223955725,-19.98384102224962,7.659813888868612,103.37772999985319,-8.96288269601241,0.9631439942643938,-50.860020307147195,17.902817640265873
8183714.0,1.1054,-1.9616,9.3487,0.0604,0.0359,9.8063,0.0218,-0.3528,0.1878,130.79,-87.69,-9.97,52.558887,-1.483633,7.76,4,107.19,21 / 22,16.19199995679013,-2.545268679908004,0.07806515000076525,111.37103486663598,-38.15069342318668,-0.9336614994755162,False,6.801000000000386,7.581355121736081,-1.983897418216656,59.63799939419171,-20.195556163000028,7.836711111103822,104.66349999993415,-8.61064483505405,0.5613712616913482,-51.73303547244427,17.955137260186653
8183813.0,0.1714,-3.1441,9.8697,0.0187,0.0229,9.8066,0.0464,-0.256,0.1374,129.17,-87.75,-11.35,52.558887,-1.483633,7.76,4,107.19,21 / 22,16.055706695788395,-2.4412360158334456,0.05851760000073365,112.9672963459412,-38.39752540562628,-0.9269006533504311,False,6.900000000000546,7.753647813658697,-2.398375522986688,60.40762881906172,-20.44874701041593,8.11611111108801,107.18799999979127,-8.302058882129698,0.04286049284675775,-52.55966752687947,17.948778395210354
8183913.0,4.2852,0.9007,9.3697,0.029,0.0443,9.8064,-0.0086,-0.2292,0.1055,125.5,-87.7,-12.78,52.558887,-1.483633,7.76,4,107.19,21 / 22,15.940947631650635,-2.5543393566697117,0.03982260000083572,114.56712906230442,-38.647304174250074,-0.9219836433503795,False,7.0,7.768267137466662,-2.984758787134275,61.185032278634004,-20.760092805423902,8.321944444444444,111.018,-8.172680494183973,-0.4304194304645632,-53.38209678367041,17.887211368826172
8184014.0,0.3088,-1.2595,9.3061,0.044,0.0453,9.8064,0.0668,-0.385,0.2097,135.08,-87.71,-2.92,52.558887,-1.483633,7.76,4,107.19,21 / 22,15.896944640528767,-2.7333075826157893,-0.007521149999430217,116.17494262205851,-38.914330344685496,-0.9203524201252994,False,7.1010000000005675,7.52738605617242,-2.880797954597963,61.943102052081805,-21.0414159702078,8.059824999984698,110.94190999994206,-8.369558584356348,-0.14749037198217385,-54.231840569976704,17.872914374477695
8184114.0,3.953,1.8038,9.4636,0.0256,0.0494,9.8064,0.0064,-0.1321,0.092,136.44,-87.74,-2.57,52.558887,-1.483633,7.76,4,107.19,21 / 22,15.85896009567206,-2.9209937002018287,-0.04970114999919997,117.7627378588599,-39.197045408824835,-0.9232135351252153,False,7.201000000000022,7.735173374106981,-3.130571371608614,62.713677881157196,-21.375000750025073,8.34468055555924,112.03415999985977,-8.123786721565079,-0.20957767140678518,-55.0490599777027,17.82204465879976
8184214.0,0.7236,-1.6421,9.9468,0.0337,0.0343,9.8065,0.0318,-0.1809,0.1369,143.2,-87.62,5.53,52.558887,-1.483633,7.76,4,107.19,21 / 22,15.79641123063503,-3.105177180767077,-0.05984614999923686,119.345506425181,-39.498353952874375,-0.9286909001251571,False,7.301000000000386,7.638096248494779,-3.2819598727049692,63.47749368026301,-21.70880791974796,8.313374999999175,113.252319999963,-8.15831498214025,-0.1767826919378921,-55.86801274491799,17.789546033126413
8184314.0,3.2735,0.6822,9.7778,0.015,0.0192,9.8065,-0.0113,0.0703,-0.0275,147.89,-87.61,9.14,52.558887,-1.483633,7.76,4,107.19,21 / 22,15.691371791823995,-3.2132377467511297,-0.05428114999921662,120.91989557630968,-39.814274699251435,-0.9343972651251006,False,7.401000000000749,7.583249541788916,-3.4866002226859765,64.23461704947596,-22.065076464825978,8.34643888887753,114.69149999983027,-8.108122250035079,-0.27336247593484675,-56.68527852683373,17.749198234425457
8184414.0,1.1185,-2.2277,10.1942,0.0309,0.0208,9.8065,0.0672,-0.1429,0.1469,149.56,-87.66,12.14,52.558887,-1.483633,7.76,4,107.19,21 / 22,15.557750212489655,-3.302839460644365,-0.03634614999931446,122.48235167651684,-40.14007855961943,-0.9389286301250024,False,7.501000000000204,7.575189531606178,-3.8335422114436986,64.99167281851558,-22.46582298036795,8.490030555555721,116.84211000000322,-7.982560680883477,-0.5307027507993336,-57.49067885800126,17.674255579251483
8184513.0,3.8203,-0.833,9.9222,0.0301,-0.0054,9.8066,0.0066,0.0652,0.0515,148.62,-87.81,10.01,52.558887,-1.483633,7.76,4,107.19,21 / 22,15.361594069001553,-3.340657232599522,-0.011442699999274112,124.01285921845313,-40.468931645935534,-0.9412941781999363,False,7.600000000000364,7.5221441854559,-4.174914579374549,65.73453252426282,-22.90615488949581,8.603055555549325,119.03099999987936,-7.839449883545653,-0.8342573467750265,-58.27832669419031,17.562776756439725
8184613.0,2.1752,-2.8328,10.0559,0.0257,0.0039,9.8065,0.028,-0.0726,0.0812,152.2,-88.12,13.9,52.558887,-1.483633,7.76,4,107.19,21 / 22,15.10480587166837,-3.3740587078264332,0.006797300000792279,125.53617921549217,-40.804667442958056,-0.9415264481998613,False,7.700000000000728,7.5307033148822455,-4.290038879332694,66.48489586340293,-23.328695610837904,8.666944444437473,119.66899999993036,-7.574102556786125,-0.9159801715062605,-59.05128335208924,17.475971832120152
8184713.0,2.8161,-0.1009,9.368,-0.0127,-0.0026,9.8066,-0.0341,0.1973,-0.131,151.2,-88.14,14.08,52.558887,-1.483633,7.76,4,107.19,21 / 22,14.905987535449077,-3.409007930225722,-0.002672699999156,127.03671888583985,-41.14382077485881,-0.9413202181997806,False,7.800000000000182,7.730978456935367,-4.56480598239293,67.26229932297225,-23.795714303351836,8.978055555547066,120.55999999997569,-7.1750090785137095,-1.1557980521672082,-59.77441956286759,17.348106471506973
8184813.0,1.4994,0.3799,10.3869,0.0083,0.0308,9.8066,0.0147,0.008,0.0904,153.0,-88.01,15.88,52.558887,-1.483633,7.76,4,107.19,21 / 22,14.810928389725335,-3.5701034112985583,0.004407300000869865,128.52256468210396,-41.49277634193629,-0.9412334881996947,False,7.900000000000546,7.628907545911682,-4.990315766144977,68.01942269219782,-24.318330457929825,9.11611111109981,123.18999999978472,-7.182020843813653,-1.4202123548464183,-60.50314198990614,17.174445884006467
8184915.0,1.0408,-1.301,9.1741,-0.0058,-0.014,9.8066,-0.0529,0.1651,-0.0768,146.53,-88.08,11.62,52.558887,-1.483633,7.76,4,107.19,21 / 22,14.763162205825315,-3.639865930281758,0.0017400000008735363,130.030843302475,-41.86048477835639,-0.9409199758996062,False,8.002000000000407,7.476747927121366,-5.017178543550001,68.78452289702322,-24.828937561682103,9.004111111111143,123.86308000000176,-7.286414278703949,-1.3773126132682427,-61.24632040545178,17.031547216674284
8185014.0,1.103,-2.4511,10.1036,0.0161,0.0115,9.8066,-0.0451,-0.0417,0.1249,149.02,-87.98,12.9,52.558887,-1.483633,7.76,4,107.19,21 / 22,14.6666794927647,-3.5781206319531633,-0.014872199999153297,131.48762046655756,-42.21777511318759,-0.941570019799522,False,8.101000000000568,7.4340118141519165,-5.103653783901116,69.51413294380339,-25.33576403693003,9.017338888876466,124.47027999991884,-7.232667678612784,-1.5255331519479527,-61.97348752275417,16.882011076257562
8185113.0,1.613,-0.3099,9.4947,0.0005,-0.0056,9.8066,-0.0314,0.1687,0.0003,144.29,-87.97,9.21,52.558887,-1.483633,7.76,4,107.19,21 / 22,14.57560185785675,-3.5740153307909606,-0.015614699999154439,132.93511339341566,-42.571805843344,-0.9430791213494407,False,8.200000000000728,7.484120961435941,-5.434140144781771,70.2569926495506,-25.88617892456529,9.248888888863362,125.98299999983324,-7.0914808964208085,-1.8601248139908102,-62.678120743865065,16.685626918778713
8185214.0,2.2809,0.0924,10.1615,0.0041,-0.0019,9.8066,0.0903,0.0065,-0.0491,146.57,-88.11,9.3,52.558887,-1.483633,7.76,4,107.19,21 / 22,14.501457990120706,-3.712639311809297,-0.01344824999916171,134.40350491573355,-42.93978190279407,-0.9445468003243507,False,8.301000000000386,7.508724658928586,-5.4975895646231,71.01506242310133,-26.436927394482336,9.306155555547548,126.20990999998473,-6.992733331192119,-1.784950252813803,-63.38844249263222,16.50285450831173
8185314.0,1.8893,0.1292,9.9788,-0.0072,-0.0243,9.8066,0.0007,0.2001,-0.0831,151.13,-88.26,11.76,52.558887,-1.483633,7.76,4,107.19,21 / 22,14.420599848658346,-3.8721693588666986,0.0129017500009342,135.84960780767776,-43.31902233632925,-0.9445741253242621,False,8.40100000000075,7.699104276784864,-5.757566189871269,71.78584105308457,-27.026038116587483,9.613836111104948,126.79002000003932,-6.721495571873483,-1.8853968310045701,-64.06376675459319,16.292984219741765
8185414.0,2.5454,-1.8119,9.0734,0.0158,-0.0003,9.8066,-0.0557,0.0551,-0.0063,153.34,-88.42,11.36,52.558887,-1.483633,7.76,4,107.19,21 / 22,14.275424406532217,-3.946507779350451,-0.01515324999891269,137.28440902042945,-43.70995619323797,-0.9446867003241605,False,8.501000000000204,7.810493573724512,-5.736934951608175,72.56993694245382,-27.59324343798224,9.69103888888888,126.29789000000012,-6.464930832807705,-1.7904271722577243,-64.71447207797563,16.11671275525573
8185514.0,-0.1453,-2.0807,10.0389,-0.0146,-0.0153,9.8066,-0.0659,0.1972,-0.0855,153.76,-88.37,8.24,52.558887,-1.483633,7.76,4,107.19,21 / 22,14.16928904603344,-3.8750875576721975,-0.04020324999900379,138.7066446930629,-44.10103596009053,-0.9474545253240664,False,8.601000000000568,7.797001526874682,-5.744592545627015,73.34747560250773,-28.171457056100824,9.684711111106742,126.38169000002289,-6.372287519158757,-1.8695049879548171,-65.35916909055518,15.929578903989704
8185614.0,1.4547,0.2158,9.6568,-0.0135,0.0023,9.8065,0.0338,0.172,-0.0744,137.0,-88.27,10.12,52.558887,-1.483633,7.76,4,107.19,21 / 22,14.176773242052837,-3.8716726906315855,-0.03608324999902619,140.1239478074595,-44.4883739725036,-0.951268850323947,False,8.701000000000022,7.905352076466069,-5.73524130581294,74.13833152183761,-28.749781869152113,9.766661111104769,125.9604199999375,-6.271421165586768,-1.8635686151813542,-65.98561628562189,15.73859210335149
8185714.0,0.9964,-1.0357,9.2273,-0.0192,-0.0065,9.8066,0.0349,-0.0047,-0.0268,142.45,-88.25,13.17,52.558887,-1.483633,7.76,4,107.19,21 / 22,14.156662119262263,-3.9450267335714226,-0.07254324999915877,141.5406195755304,-44.87920894371518,-0.9567001753238761,False,8.801000000000386,7.896623437552609,-5.842469387660434,74.92269781240358,-29.33922617611202,9.822988888884039,126.49661000000101,-6.260038681709654,-1.8974426540890112,-66.61792176312682,15.539982767603156
8185814.0,2.6607,-1.8447,9.397,-0.0108,-0.0005,9.8066,0.0129,0.042,-0.0144,141.39,-88.26,9.99,52.558887,-1.483633,7.76,4,107.19,21 / 22,14.019892347564172,-3.9755471329638645,-0.12199324999933862,142.94944729887683,-45.27523763704338,-0.9664270003238363,False,8.90100000000075,8.049846060328212,-5.947962921772473,75.72714139219723,-29.939678779788572,10.008911111110935,126.46037999998121,-5.970046287235959,-1.9724157888086085,-67.22230590667961,15.33555885725481
8185913.0,3.3824,-0.9191,9.9509,0.0063,0.0183,9.8066,-0.0555,-0.0404,-0.0055,142.31,-88.11,10.8,52.558887,-1.483633,7.76,4,107.19,21 / 22,13.794569271766601,-4.082595308107607,-0.13513054999923907,144.32626314902328,-45.6741156878734,-0.9791546284236696,False,9.0,8.027082725785334,-5.9823313676535035,76.52354053631191,-30.53412685750734,10.011111111111111,126.696,-5.767486545981267,-1.899736059545896,-67.80272261271136,15.139988830366065
8186013.0,0.9847,-1.0151,9.6656,0.0235,0.0127,9.8066,0.0034,-0.0917,0.0991,147.49,-87.98,16.09,52.558887,-1.483633,7.76,4,107.19,21 / 22,13.657850243506617,-4.168463684815094,-0.1349705499992384,145.69888412479193,-46.086668637521036,-0.9926596834236426,False,9.100000000000364,8.270283708992304,-5.951122932917845,77.35502423643034,-31.145698954315225,10.188888888879188,125.73800000005228,-5.387566534514313,-1.7826592481027506,-68.34385988836159,14.940969683205811
8186117.0,2.5228,1.909,10.0044,0.0177,-0.0151,9.8065,0.0329,0.1748,-0.1162,144.08,-88.33,18.62,52.558887,-1.483633,7.76,4,107.19,21 / 22,13.635542385025685,-4.346932311015559,-0.13202214999923073,147.11814054147928,-46.52946922930538,-1.006543303823599,False,9.204000000000633,8.231440314816052,-6.27664086670918,78.2065176256036,-31.80352814012518,10.351655555561507,127.32588000018953,-5.404102070209634,-1.9297085556936215,-68.91162291587568,14.725941089180196
8186214.0,0.4984,-1.6287,9.9763,0.0218,0.02,9.8065,0.0257,-0.0986,0.144,161.59,-88.39,24.34,52.558887,-1.483633,7.76,4,107.19,21 / 22,13.62757889158075,-4.472266439441609,-0.11420324999927609,148.4404019233913,-46.95720036870146,-1.0184852357234961,False,9.301000000000386,8.37221466729769,-5.998356636070238,79.01968164432662,-32.386078360708986,10.299236111108062,125.62006999999724,-5.25536422428306,-1.5260901966286289,-69.42072027906468,14.571122007992471
8186314.0,1.4146,-1.6293,10.0982,-0.0088,-0.0126,9.8066,-0.0633,0.165,-0.0188,168.62,-88.49,19.37,52.558887,-1.483633,7.76,4,107.19,21 / 22,13.568807735683942,-4.4023847048559555,-0.09114324999919211,149.8002212547595,-47.40093292591795,-1.0287525607234569,False,9.40100000000075,8.457593833618178,-6.083143962847061,79.86482060523014,-32.997872848064766,10.41803888887367,125.72567000000261,-5.111213902065764,-1.680759257991106,-69.93540064952936,14.403060077853183
8186413.0,1.4931,-1.3616,10.0572,-0.0011,-0.0027,9.8066,0.0163,0.0249,0.069,149.16,-88.55,11.14,52.558887,-1.483633,7.76,4,107.19,21 / 22,13.46702864701216,-4.372693179090318,-0.06430929999939518,151.13849515569282,-47.83529928117,-1.0364474619483288,False,9.5,8.616060180595902,-6.189671269230687,80.71475918761098,-33.62534581899013,10.608888888888888,125.693,-4.8509684664162585,-1.8169780901403696,-70.42373596808184,14.209953462179875
8186513.0,1.1428,-0.6308,9.751,0.0078,-0.0097,9.8065,-0.0624,0.0039,0.0378,140.51,-88.67,4.62,52.558887,-1.483633,7.76,4,107.19,21 / 22,13.397747298193508,-4.399513597757229,-0.0545642999993597,152.481733952958,-48.273909620013974,-1.042391141948288,False,9.600000000000364,8.734874842082068,-6.087642195152631,81.59356309829674,-34.23691791509069,10.646944444442369,124.87400000004469,-4.66287245611144,-1.6881285973954014,-70.88817085466125,14.036991704923281
8186613.0,0.2255,-0.9324,8.9882,-0.0063,0.0043,9.8066,-0.0457,0.0625,0.0551,135.91,-88.63,1.08,52.558887,-1.483633,7.76,4,107.19,21 / 22,13.39054073451547,-4.409861737661224,-0.09826929999951863,153.8211483545983,-48.7143783867865,-1.0500328219482598,False,9.700000000000728,8.850513113885999,-5.966600508934038,82.47236700899595,-34.83737051805966,10.67388888888595,123.98600000009692,-4.540027620629472,-1.5567387712728138,-71.34878134560236,13.877007868726842
8186714.0,-0.6723,-0.4599,9.6451,0.0185,0.0097,9.8065,-0.0809,-0.0944,0.0761,134.91,-88.62,2.51,52.558887,-1.483633,7.76,4,107.19,21 / 22,13.456721891693576,-4.362930921188639,-0.147759299999351,155.17693511721728,-49.15740441605692,-1.0624572662481606,False,9.801000000000386,8.93228097021391,-6.084542877517326,83.38050945039569,-35.45494714169535,10.807755555553461,124.26220000002273,-4.524440921479666,-1.7216119563286876,-71.79642566682159,13.70245727436157
8186814.0,1.2369,-0.7158,10.3037,-0.0067,-0.003,9.8066,0.0739,0.0279,-0.0244,134.02,-88.6,0.41,52.558887,-1.483633,7.76,4,107.19,21 / 22,13.494374748638121,-4.360077339329199,-0.13098429999928998,156.52448994923878,-49.5935548290844,-1.0763944462481434,False,9.90100000000075,9.091203062213783,-5.992278296847628,84.28642108173594,-36.0553997453719,10.888405555552794,123.3900500000075,-4.403171686424338,-1.632200957518429,-72.23806886750285,13.538155083712496
8186914.0,1.7001,-0.147,9.1905,-0.0032,0.0049,9.8066,0.0796,-0.0454,0.0044,135.79,-88.8,3.54,52.558887,-1.483633,7.76,4,107.19,21 / 22,13.458378524952591,-4.452027060750847,-0.13693929999925747,157.87212761291096,-50.034160049086,-1.0897906262479977,False,10.001000000000204,9.132364508491428,-5.99533465420524,85.19929554417274,-36.65574115420436,10.924494444444653,123.28476999999837,-4.326014016461164,-1.5433075934543927,-72.67283206873822,13.37841889488164
8187013.0,1.0049,-0.759,9.3479,0.0028,0.0004,9.8066,0.0186,-0.0359,0.0195,134.95,-88.9,2.74,52.558887,-1.483633,7.76,4,107.19,21 / 22,13.428894606713506,-4.533107100021359,-0.19014684999934348,159.20304763293058,-50.47892419004494,-1.1059813906729548,False,10.100000000000364,9.367550761762896,-5.892898443214411,86.12954328380611,-37.239180934341455,11.066944444436594,122.17300000006128,-4.06134384495061,-1.3597913431930513,-73.07350434912446,13.239743255703488
8187113.0,2.2272,-0.3979,9.9655,-0.0093,0.0023,9.8066,0.0914,0.0073,-0.0395,135.35,-88.95,2.01,52.558887,-1.483633,7.76,4,107.19,21 / 22,13.372038788087155,-4.624730278830994,-0.205141849999398,160.54309430267548,-50.93681605898922,-1.1257458256729638,False,10.200000000000728,9.442901972558246,-5.870374132879939,87.07594749531349,-37.828514044884926,11.11888888888322,121.86800000003328,-3.929136815528908,-1.2456438540489447,-73.467146807362,13.108302014104297
8187214.0,0.968,-1.4268,10.026,0.0247,-0.0048,9.8065,0.0115,-0.1495,0.1021,133.45,-89.11,0.23,52.558887,-1.483633,7.76,4,107.19,21 / 22,13.291892566847444,-4.693060939044067,-0.18604274999946258,161.88962283609513,-51.40736451549032,-1.1455006479728393,False,10.301000000000386,9.582128323093045,-5.849258839104978,88.03904898129775,-38.42340690255083,11.226399999996383,121.40152000004257,-3.7097642437543996,-1.1561979000609108,-73.85057385479737,12.983957612939491
8187314.0,1.7532,-0.1437,9.3803,0.015,-0.0023,9.8066,-0.0604,0.0071,0.0551,125.16,-89.32,-6.8,52.558887,-1.483633,7.76,4,107.19,21 / 22,13.250303051075434,-4.755260316176748,-0.19639274999950018,163.2167326169961,-51.87978057825308,-1.164622422972857,False,10.40100000000075,9.865198688336488,-5.6435544423835164,89.03263820281367,-38.979492730757975,11.365380555552552,119.77243999998073,-3.3851043627389465,-0.8882941262067687,-74.18409441418243,12.900287847495107
8187414.0,0.6604,-1.6332,9.6528,0.001,0.0178,9.8066,-0.0135,-0.1072,0.0665,118.92,-89.23,-13.15,52.558887,-1.483633,7.76,4,107.19,21 / 22,13.206744795866543,-4.808097556250293,-0.22540274999934184,164.53958500933598,-52.35794847187183,-1.1857121979726841,False,10.501000000000204,9.874303010614307,-5.704215868905788,90.0129777654667,-39.546809247770184,11.40350555555562,120.01429000000003,-3.332441785252236,-0.8961183126554948,-74.52660724386928,12.811139224101645
8187514.0,0.0553,-0.4271,9.7857,-0.0081,0.0138,9.8066,-0.0458,0.0342,-0.0291,116.71,-89.12,-15.51,52.558887,-1.483633,7.76,4,107.19,21 / 22,13.198776217434109,-4.778888791952461,-0.23414274999937362,165.8598610600058,-52.83729778928371,-1.2086894729727036,False,10.601000000000568,9.91158036909905,-5.7331995651353225,91.00676978788245,-40.13625355254414,11.450286111099263,120.04649999998142,-3.287195848335058,-0.9543107731828613,-74.85309127212336,12.70104423673957
8187614.0,1.0574,-1.7048,9.99,0.0027,0.0157,9.8066,0.0288,-0.0767,0.0157,127.03,-88.95,-6.42,52.558887,-1.483633,7.76,4,107.19,21 / 22,13.178538230888377,-4.75824313288449,-0.22602274999941785,167.17872678241474,-53.314154385522954,-1.2316977479725175,False,10.701000000000022,10.068264778785299,-5.904031465528314,92.00738944066191,-40.736594961292255,11.67166111110477,120.3873900000647,-3.110273452103078,-1.145788332643824,-75.17133734175283,12.5775594242307
8187714.0,1.1282,-0.205,9.8519,0.012,0.0017,9.8066,0.0268,-0.014,0.0286,126.39,-89.09,-5.77,52.558887,-1.483633,7.76,4,107.19,21 / 22,13.13732045096702,-4.792521782265952,-0.21459274999937616,168.4945197165123,-53.79169263128222,-1.2537285229725375,False,10.801000000000386,10.17217801886357,-5.834345326931126,93.02139395317748,-41.32603926755899,11.726588888887655,119.83679999998759,-2.9651424321034483,-1.0418235446651734,-75.4731257633348,12.465653363723227
8187813.0,0.9793,-0.8687,10.1138,0.0126,-0.0111,9.8066,0.0118,0.0312,-0.0328,125.17,-89.32,-6.8,52.558887,-1.483633,7.76,4,107.19,21 / 22,13.13238043148348,-4.8487372386456835,-0.1971489499993479,169.7948699101957,-54.268934952818114,-1.2741097371225072,False,10.900000000000546,10.1642789335519,-5.94238111608145,94.02525842036857,-41.920487345896966,11.773888888884978,120.3119999999607,-2.9681014979315794,-1.0936438774357669,-75.76961148982713,12.348447606921148
8187913.0,1.9997,-1.264,9.6716,0.004,-0.0038,9.8066,-0.055,-0.1097,0.0479,131.42,-89.34,-2.91,52.558567,-1.48248,13.24,4,116.83,22 / 23,13.05522120205527,-4.903752199835722,-0.18854394999939483,171.1042499918655,-54.75655942473952,-1.293394382122339,False,11.0,10.328880615581793,-5.877162610691952,95.05954302310585,-42.498700964096244,11.883888888888889,119.64,-2.7263405864734764,-0.9734104108562303,-76.04470696875964,12.257858460643277
8188013.0,0.6114,0.1027,10.4434,-0.02,-0.0029,9.8066,-0.0012,0.0883,-0.1016,123.2,-89.26,-8.84,52.558567,-1.48248,13.24,4,116.83,22 / 23,13.029323587095266,-4.9704240668229245,-0.1634589499993035,172.40847723132777,-55.25026823807425,-1.310994527122338,False,11.100000000000364,10.408394138141196,-5.905344257655035,96.10058765578854,-43.09915356777193,11.966944444439914,119.56900000000388,-2.6209294489540707,-0.9349201908321101,-76.30788957553922,12.15111467030232
8188114.0,0.0717,-0.4758,10.176,-0.0072,-0.001,9.8066,0.0256,-0.0014,0.0035,126.82,-89.18,-5.24,52.558567,-1.48248,13.24,4,116.83,22 / 23,13.096773628545202,-4.9887056611207665,-0.11265089999947543,173.72784514071313,-55.7532042893337,-1.3249380745472292,False,11.201000000000022,10.517672066257678,-5.869993072590099,97.15907316607762,-43.683371713344386,12.044844444423813,119.1662600000316,-2.5791015622875246,-0.8812874114693328,-76.56877197463551,12.069832575989317
8188214.0,1.2182,-0.8115,9.3378,0.0049,-0.0077,9.8066,-0.0367,0.0217,-0.019,126.88,-89.25,-5.13,52.558567,-1.48248,13.24,4,116.83,22 / 23,13.106950858580612,-5.006011305382538,-0.11762589999949348,175.03803136507418,-56.25294013766069,-1.3364519145472196,False,11.301000000000386,10.70034883962697,-5.905798831763651,98.22715791924018,-44.28371312286871,12.221944444444444,118.89543999999886,-2.4066020189536417,-0.8997875263811128,-76.81087344583399,11.969227014791976
8188314.0,-1.6447,-0.6044,9.1651,-0.0244,0.0067,9.8065,-0.006,0.1182,-0.185,131.82,-89.21,-1.36,52.558567,-1.48248,13.24,4,116.83,22 / 23,13.170256393050218,-4.957635282800988,-0.17314589999969537,176.3518917276605,-56.751122467071674,-1.350990504547232,False,11.40100000000075,10.696561047380628,-5.911877390693648,99.29531027253769,-44.87293503780356,12.22158611111394,118.92894000007941,-2.47369534566959,-0.95424210789266,-77.05658145512281,11.878187429268117
8188414.0,0.1374,-0.3679,10.0613,0.0299,0.0439,9.8065,-0.0607,-0.1359,0.1401,145.29,-88.9,13.27,52.558567,-1.48248,13.24,4,116.83,22 / 23,13.283190778457115,-4.889417350951636,-0.19249089999958977,177.67456408622866,-57.24347509875662,-1.3692723445470965,False,11.501000000000204,10.767579356604333,-5.711126042013447,100.3702226560906,-45.45148224218056,12.188438888889227,117.94133000000122,-2.515611421852782,-0.8217086910618114,-77.30434143013805,11.791992856576059
8188514.0,-0.3171,0.0787,10.1226,0.0504,0.0156,9.8065,-0.0249,-0.048,0.0875,141.82,-88.77,9.64,52.558567,-1.48248,13.24,4,116.83,22 / 23,13.376822543008299,-4.904479049148907,-0.16396089999948593,179.00756475230676,-57.73316991876343,-1.387094934547115,False,11.601000000000568,10.889535061055343,-5.972500927653759,101.4522330710719,-46.06238716873207,12.419949999994364,118.74330000012057,-2.487287481952956,-1.0680218785048519,-77.55533168123486,11.670782750031357
8188614.0,1.3881,-0.1928,11.0471,-0.0004,-0.0039,9.8066,0.1459,-0.0409,-0.0478,159.02,-88.98,28.59,52.558567,-1.48248,13.24,4,116.83,22 / 23,13.412725253290771,-4.957225674415986,-0.08614089999991051,180.34704214211442,-58.22625515493898,-1.3996000245470166,False,11.701000000000022,11.208939768052055,-5.588665784459943,102.57433046442426,-46.607464699410706,12.524919444445374,116.50038999994936,-2.2037854852387166,-0.6314401100439566,-77.77271167769015,11.618790455528277
8188713.0,0.54,0.1421,9.4852,-0.0155,-0.003,9.8066,0.1588,0.004,-0.0235,167.44,-89.29,33.49,52.558567,-1.48248,13.24,4,116.83,22 / 23,13.397852832417724,-5.047815401610521,-0.04065039999983684,181.67416575735913,-58.7215046882031,-1.4058761938970143,False,11.800000000000182,11.15911866027961,-5.669917896329128,103.67858137852309,-47.168887883227775,12.516944444444666,116.93499999998802,-2.2387341721381144,-0.6221024947186073,-77.99558437883604,11.552616804975322
8188814.0,-0.561,-0.4136,9.4807,0.0136,-0.0124,9.8066,-0.1111,-0.0458,0.0922,172.87,-89.48,40.29,52.558567,-1.48248,13.24,4,116.83,22 / 23,13.469019797695996,-5.109141113248839,-0.07334410000002042,183.0309428251875,-59.23443099220638,-1.4116329161470396,False,11.90100000000075,11.288843450980682,-5.7606944319634,104.81886325282375,-47.76400313136938,12.67373611110574,117.03520999999834,-2.1801763467153137,-0.6515533187145612,-78.21207957236376,11.470427860836999
8188915.0,0.8024,-0.5991,9.3701,-0.0047,0.0038,9.8066,-0.1075,0.0204,0.0845,142.88,-89.44,11.16,52.558567,-1.48248,13.24,4,116.83,23 / 23,13.525718612537892,-5.139318222900627,-0.11185034999988992,184.3941771148997,-59.75197818868017,-1.4209852358720034,False,12.002000000000407,11.348934414167035,-5.795462894957834,105.96590515734896,-48.34822127561103,12.743066666666952,117.05167999999937,-2.176784198370857,-0.6561446720572066,-78.42827195755073,11.403756913069138
8189014.0,0.13,0.472,9.829,-0.02,0.0001,9.8066,0.0531,0.0584,-0.1036,137.99,-89.35,6.18,52.558567,-1.48248,13.24,4,116.83,23 / 23,13.582510668915072,-5.1887850399816475,-0.13235324999992296,185.73603446433378,-60.26321930019367,-1.4330733140720138,False,12.101000000000568,11.456245412870262,-5.798292634730845,107.09036856126633,-48.931772250671806,12.84001111110515,116.84506999997308,-2.1262652560448103,-0.6095075947491972,-78.64566590306745,11.331447049521863
8189114.0,0.5009,-0.0278,10.1992,-0.0139,0.0072,9.8066,0.0717,0.0093,-0.0297,143.2,-89.32,10.23,52.558567,-1.48248,13.24,4,116.83,23 / 23,13.668967724038259,-5.252580329031899,-0.1116082500000361,187.098608383974,-60.78528756864149,-1.445271389071945,False,12.201000000000022,11.504585381147601,-5.947835873131095,108.23964127554488,-49.531891269566906,12.951161111110533,117.33883000009422,-2.164382342890658,-0.6952555440991963,-78.85896710842913,11.253396299074588
8189214.0,0.9004,-0.1945,9.6708,-0.0081,0.0064,9.8066,-0.0272,0.0239,-0.0196,143.36,-89.32,11.56,52.558567,-1.48248,13.24,4,116.83,23 / 23,13.701211820317189,-5.318071591531502,-0.09877324999998939,188.46711736119676,-61.31382016467158,-1.4557904640719845,False,12.301000000000386,11.592906113991452,-5.786546105718407,109.39574162039811,-50.09909659027335,12.95683888888701,116.52589000001062,-2.108305706325737,-0.4684745141869051,-79.07137574079864,11.214723574398235
8189313.0,-0.2147,-0.5996,9.524,-0.0142,-0.0137,9.8066,0.0849,0.0154,-0.0694,146.46,-89.29,14.67,52.558567,-1.48248,13.24,4,116.83,23 / 23,13.745282482607902,-5.341198024747236,-0.11948900000002288,189.82571882919373,-61.841454010678234,-1.4665944454470026,False,12.400000000000546,11.698400084270684,-5.735798213604806,110.55353197259514,-50.67152807290983,13.028888888882932,116.11900000003364,-2.0468823983372175,-0.3946001888575701,-79.2721868565986,11.169925937768404
8189414.0,-0.9351,-0.2477,9.4222,0.0091,-0.0046,9.8066,0.0308,-0.0396,-0.009,146.66,-89.46,13.81,52.558567,-1.48248,13.24,4,116.83,23 / 23,13.864137184543498,-5.3118677697970345,-0.1531775499999088,191.21999452238015,-62.3794338333009,-1.4803641062219526,False,12.501000000000204,11.824218993696073,-5.8491894678788015,111.74836728981346,-51.26653212479793,13.191863888888879,116.32061999999937,-2.039918190847425,-0.537321698081767,-79.47162723256669,11.112901708502967
8189514.0,0.0541,0.1368,10.4292,-0.0042,-0.0111,9.8066,-0.0024,0.0909,-0.0423,146.99,-89.51,15.36,52.558567,-1.48248,13.24,4,116.83,23 / 23,13.990713348790736,-5.321386865064389,-0.14127254999986544,192.61273704905193,-62.91109656504591,-1.495086611221995,False,12.601000000000568,11.861882572596368,-5.7567762943351,112.93144015452562,-51.83384864105336,13.18501944443844,115.88808999999421,-2.128830776194368,-0.43538942927071034,-79.68129689452631,11.077247923992552
8189614.0,-0.9453,0.4089,9.8322,0.0083,-0.0022,9.8066,-0.0476,-0.0205,0.0499,140.69,-89.6,9.06,52.558567,-1.48248,13.24,4,116.83,23 / 23,14.136287186327293,-5.347886943465935,-0.10886755000004221,194.01908707580014,-63.44456025546951,-1.5075936162219221,False,12.701000000000022,11.95225137114572,-5.828492977734823,114.12134064962616,-52.423181752992825,13.297655555547355,115.99608999999896,-2.1840358151815717,-0.48060603426888804,-79.89774642617398,11.021378502476686
8189714.0,1.299,-0.9015,9.3418,0.0028,-0.0032,9.8066,-0.0049,0.0144,-0.0132,133.41,-89.58,0.56,52.558567,-1.48248,13.24,4,116.83,23 / 23,14.206261067203604,-5.371955221216381,-0.1308325500001221,195.43621448848185,-63.98055236370558,-1.519578621221974,False,12.801000000000386,12.016083426559394,-5.861608086444728,115.32469360473965,-53.012626058552236,13.3695444444406,116.0037600000032,-2.19017764064421,-0.48965286522834717,-80.1115208837422,10.967926305153341
8189814.0,0.7203,-0.0684,9.9793,-0.0007,0.0007,9.8066,-0.0194,0.0517,-0.0308,137.5,-89.61,4.69,52.558567,-1.48248,13.24,4,116.83,23 / 23,14.198558987095355,-5.429252670667259,-0.1454425500001752,196.85645549120196,-64.52061275830172,-1.5333923762220392,False,12.90100000000075,12.16101534090612,-5.901355828037123,116.53480658977941,-53.61307866222172,13.517263888886367,115.88581999996195,-2.037543646189235,-0.4721031573698644,-80.32164890142255,10.907534096080006
8189914.0,-0.5429,-0.5248,9.8773,0.0083,-0.0163,9.8066,0.0127,0.1094,-0.0498,146.11,-89.65,14.55,52.558567,-1.48248,13.24,4,116.83,22 / 23,14.273191876772911,-5.444139733184215,-0.13327755000024152,198.2800430343876,-65.06428237849133,-1.547328381221984,False,13.001000000000204,12.141280417560322,-6.014539241389595,117.75167960506703,-54.21342007036099,13.549388888888963,116.35289999999853,-2.1319114592125885,-0.5703995082053792,-80.52836342932058,10.850862308130338
8190014.0,-0.7025,-0.2757,9.6721,-0.0048,-0.0037,9.8066,-0.0193,-0.0416,0.0194,157.08,-89.8,25.65,52.558567,-1.48248,13.24,4,116.83,22 / 23,14.397022247817885,-5.426578082523194,-0.13647255000025307,199.71355374062236,-65.60781826927868,-1.5608158862220578,False,13.101000000000568,12.288966234004247,-5.8274104420923365,118.97524504997446,-54.8033091569445,13.60069999999038,115.37001999990959,-2.1080560138136377,-0.40083235956914276,-80.7383086906479,10.80450911233418
8190114.0,1.6267,0.037,10.0756,-0.0121,0.0095,9.8066,0.026,-0.0674,0.0096,141.48,-89.81,7.57,52.558567,-1.48248,13.24,4,116.83,22 / 23,14.451815897694717,-5.494208648886358,-0.12975255000028968,201.1559956478901,-66.15385760584618,-1.5741271412220124,False,13.201000000000022,12.273666703465262,-6.264196521437751,120.19901329577263,-55.447572562170386,13.779861111112712,117.03870000018799,-2.178149194229455,-0.7699878725513924,-80.95698235211748,10.706285043675798
8190214.0,-1.4182,-1.0052,9.3932,0.0251,0.0097,9.8066,-0.0823,-0.1439,0.1449,135.25,-89.76,3.71,52.558567,-1.48248,13.24,4,116.83,22 / 23,14.501660917260134,-5.484932809374239,-0.13697755000031592,202.6036694886431,-66.70281467876121,-1.5874636462220912,False,13.301000000000386,12.432928597476502,-5.912814490292219,121.44279123079978,-56.02634215501333,13.767338888885716,115.4345999999752,-2.0687323197836314,-0.42788168091797996,-81.16087825784332,10.676472523747883
8190313.0,1.0413,-1.0937,9.7394,0.0145,0.0177,9.8066,0.0147,-0.0476,0.0734,127.96,-89.71,-4.8,52.558567,-1.48248,13.24,4,116.83,22 / 23,14.540576713990621,-5.4199889929667755,-0.16077220000035433,204.04126025139234,-67.24260830797797,-1.6022022588471483,False,13.400000000000546,12.442057427224658,-6.17223148830805,122.66750588081044,-56.6538151265534,13.888888888878839,116.38499999992142,-2.0985192867659634,-0.7522424953412745,-81.3737543705819,10.588793181424577
8190413.0,-0.117,-0.7753,10.2269,0.0002,-0.0054,9.8066,0.0914,-0.0932,-0.0171,111.43,-89.85,-20.08,52.558567,-1.48248,13.24,4,116.83,22 / 23,14.530584609930584,-5.399664109766904,-0.14312220000045056,205.49481831758047,-67.7835909631117,-1.6173969788471056,False,13.5,12.447047711256236,-6.18716439685506,123.91135141614167,-57.26538722203189,13.899999999999999,116.431,-2.083536898674348,-0.7875002870881564,-81.5834669014388,10.518203741079816
8190513.0,0.9709,0.7487,9.3579,-0.0026,0.015,9.8066,0.117,-0.1169,0.0319,243.06,-90.0,110.56,52.558567,-1.48248,13.24,4,116.83,22 / 23,14.466122801639537,-5.386551832664631,-0.14454720000045562,206.94465368816424,-68.32290176023524,-1.6317804488472032,False,13.600000000000364,12.425997658571086,-5.970882828967306,125.15519695129034,-57.86583982712222,13.786111111117327,115.6650000000418,-2.040125143068451,-0.5843309963026746,-81.7894567368739,10.457061933113017
8190614.0,0.5596,-0.1717,9.6424,0.0398,-0.0007,9.8065,-0.1008,-0.1253,0.1014,271.47,-89.86,139.0,52.558567,-1.48248,13.24,4,116.83,22 / 23,14.352654010516783,-5.404030690101923,-0.1755037000003507,208.4000019171732,-68.8678261776331,-1.6479430192971891,False,13.701000000000022,12.47730091436409,-6.126672458819074,126.40485611229822,-58.49442474745953,13.90033888888498,116.15223000007808,-1.8753530961526934,-0.7226417687171516,-81.99514580487498,10.373401430173573
8190714.0,2.0961,0.3336,9.8166,0.0406,0.0096,9.8065,-0.1344,-0.1319,0.1412,338.4,-89.96,-154.09,52.558567,-1.48248,13.24,4,116.83,22 / 23,14.369445474602442,-5.321384685552954,-0.18321870000037874,209.83610689143438,-69.4040969464178,-1.665879139297291,False,13.801000000000386,12.578417311019427,-5.996217020302542,127.6622217077846,-59.084091442873955,13.934538888887209,115.48742999998598,-1.7910281635830145,-0.6748323347495875,-82.17388518364979,10.32000550354384
8190814.0,-0.0661,-1.9247,9.4361,0.0067,0.0111,9.8066,0.07,-0.1528,0.0507,290.46,-89.83,158.13,52.558567,-1.48248,13.24,4,116.83,22 / 23,14.459358282129111,-5.288016138424723,-0.2012487000004443,211.27754707927622,-69.93456698761861,-1.685102509297402,False,13.90100000000075,12.57726871454654,-6.142079328764711,128.9192493016167,-59.70678303211471,13.996888888904678,116.0285099999723,-1.8820895675825717,-0.8540631903399882,-82.35829777765952,10.227783955503902
8190914.0,0.3251,-0.1152,9.0251,0.0104,0.0152,9.8066,-0.0162,-0.0782,0.0443,281.44,-89.66,150.45,52.558567,-1.48248,13.24,4,116.83,22 / 23,14.462214080379116,-5.341635485386641,-0.2588537000001299,212.72362569739374,-70.46604956880628,-1.708107629297305,False,14.001000000000204,12.363244065439691,-6.129270060666255,130.14308514789246,-60.329141037351896,13.799200000000045,116.37063999999923,-2.0989700149394253,-0.7876345752796139,-82.58054054950128,10.136908531454388
8191013.0,0.7524,-0.9776,9.8548,-0.0058,0.0173,9.8066,0.0182,-0.0625,0.0171,278.94,-89.66,146.81,52.558567,-1.48248,13.24,4,116.83,22 / 23,14.433876153510091,-5.338478347039444,-0.2951570000001886,214.15398216397358,-70.99471520351223,-1.735531158947365,False,14.100000000000364,12.447203347976085,-6.027937359834211,131.38118465745785,-60.912580817488994,13.8299999999983,115.84000000002925,-1.9866728055340062,-0.6894590127947673,-82.77279750651573,10.082134386023235
8191114.0,1.675,-0.1294,10.085,0.0083,0.003,9.8066,0.0367,-0.0903,0.0082,269.21,-89.67,137.07,52.558567,-1.48248,13.24,4,116.83,22 / 23,14.406625794172847,-5.274974498868274,-0.2786687500002443,215.61042751232662,-71.53069457222875,-1.7645093593222887,False,14.201000000000022,12.521764219351015,-6.010730258820876,132.64422867805004,-61.519037946490116,13.889688888892476,115.6420599999993,-1.8848615748218318,-0.7357557599526023,-82.96619883427658,10.011656625738638
8191214.0,0.8642,-0.241,10.8108,0.0254,-0.0045,9.8066,0.0011,-0.0851,0.0809,277.62,-89.52,146.78,52.558567,-1.48248,13.24,4,116.83,22 / 23,14.343695482900571,-5.201475146066763,-0.2145437500000109,217.04794357618553,-72.05451705447742,-1.7891699843223912,False,14.301000000000386,12.49351529348412,-5.998592109790098,133.88814181367854,-62.11949055025937,13.858969444444238,115.64736000000165,-1.8501801894164522,-0.7971169637233348,-83.15980176250699,9.935026504218044
8191313.0,1.4052,-0.6267,9.1945,0.0133,-0.0048,9.8066,-0.0439,0.0625,0.0376,293.94,-89.45,163.13,52.558567,-1.48248,13.24,4,116.83,22 / 23,14.324453485840438,-5.141083807378277,-0.1951397499999795,218.4670169501405,-72.56647372267378,-1.8094493175724236,False,14.400000000000546,12.507334255039757,-5.988216600791882,135.12624132325723,-62.71393862859735,13.866944444443787,115.58400000000525,-1.8171192308006816,-0.8471327934136044,-83.34077562688327,9.85253509407643
8191413.0,1.3482,-0.428,10.0655,-0.0231,0.0054,9.8065,0.0704,-0.1025,-0.014,299.43,-89.44,166.2,52.558567,-1.48248,13.24,4,116.83,22 / 23,14.333910456224173,-5.054832769643197,-0.21280474999988305,219.8999351472359,-73.07626955152207,-1.8298465425723054,False,14.5,12.343164189584176,-6.117804764345282,136.35656679841907,-63.336630217913246,13.776111111111112,116.365,-1.9907462666399969,-1.0629719947020844,-83.54336834881684,9.739639333608828
8191513.0,0.9401,-0.2638,9.3825,-0.0121,0.0116,9.8066,0.0683,-0.0404,0.0261,295.44,-89.55,163.27,52.558567,-1.48248,13.24,4,116.83,22 / 23,14.318099374530226,-4.9820046231058175,-0.22106974999991305,221.33253563877884,-73.57811142116135,-1.8515402675723742,False,14.600000000000364,12.495564184085602,-5.9127641364819645,137.6004123335543,-63.91484383673915,13.823888888886282,115.32300000005685,-1.8225351904446239,-0.930759513376147,-83.73212330522455,9.6632675844222
8191613.0,1.1629,-0.8026,9.7921,0.0238,-0.0046,9.8066,-0.0877,-0.048,0.0425,300.37,-89.45,169.53,52.558567,-1.48248,13.24,4,116.83,22 / 23,14.31448318420804,-4.926673659970612,-0.2430047499999928,222.76416476672097,-74.07354533531698,-1.8747439925724538,False,14.700000000000728,12.39476441222926,-6.028468761881935,138.8374978386453,-64.52641593354522,13.783055555560011,115.93699999993298,-1.9197187719787792,-1.101795101911323,-83.92666692807566,9.547129401771755
8191713.0,1.4683,-0.8735,9.4087,0.0121,0.0065,9.8066,-0.0539,0.0082,0.0897,305.2,-89.52,174.28,52.558567,-1.48248,13.24,4,116.83,22 / 23,14.356165999255847,-4.864783207767175,-0.26362974999988026,224.19769722588634,-74.5631181787012,-1.9000757175723093,False,14.800000000000182,12.395591016171664,-6.019777683586545,140.07458334386436,-65.12686853730403,13.780000000000083,115.90300000000093,-1.9605749830841823,-1.15499447581937,-84.12311388202198,9.436249641397168
8191813.0,0.2166,-0.3926,9.862,-0.0159,0.0003,9.8066,0.0152,-0.0826,-0.064,301.72,-89.48,169.57,52.558567,-1.48248,13.24,4,116.83,22 / 23,14.356151389218608,-4.8326969053445685,-0.2807597499999425,225.6333130953153,-75.04799218435855,-1.9272951925723996,False,14.900000000000546,12.35289659769549,-5.931245839236259,141.3049088188569,-65.7162016478478,13.703055555561855,115.64800000002087,-2.0032547915231174,-1.0985489338916903,-84.3284042764584,9.331790536510752
8191913.0,-0.3861,-0.4995,10.2176,-0.0062,-0.0009,9.8066,-0.0022,0.0967,-0.0238,291.45,-89.64,159.21,52.558567,-1.48248,13.24,4,116.83,21 / 21,14.295584289948994,-4.8744864278635145,-0.2574447500000697,227.06589987926586,-75.53335135101631,-1.9542054175722534,False,15.0,12.400839222106718,-5.985990860956909,142.54199432408885,-66.3166542523118,13.77,115.767,-1.8947450678422761,-1.111504433093394,-84.52390555517701,9.2166970987045
8192014.0,0.663,-1.3182,10.1819,0.0196,-0.0018,9.8066,-0.03,-0.0047,0.0001,291.11,-89.6,158.89,52.558567,-1.48248,13.24,4,116.83,21 / 21,14.287256899612835,-4.917606950627332,-0.2177416500002041,228.50933335933385,-76.02785206662843,-1.9782023307721859,False,15.100999999999658,12.349815015889728,-6.027203750436822,143.79145068420794,-66.93423087444548,13.74209444444351,116.01423000001722,-1.9374418837231069,-1.1095967998094904,-84.7178826751259,9.093621192182951
8192113.0,1.1551,0.2428,9.4659,0.0103,-0.0171,9.8066,-0.0512,0.1343,-0.0875,286.2,-89.49,155.38,52.558567,-1.48248,13.24,4,116.83,21 / 21,14.268703317197925,-4.879172027968019,-0.21603390000020126,229.92285339006827,-76.51279262606968,-1.9996742204972406,False,15.199999999999818,12.391898571170623,-5.974476566972289,145.01616533421858,-67.5286789520832,13.75694444444267,115.74000000003275,-1.876804746027302,-1.0953045390042702,-84.90668805584968,8.984113673986485
8192214.0,1.6051,-0.2159,10.0262,0.0031,0.0126,9.8066,0.022,0.006,0.0254,289.14,-89.36,157.3,52.558567,-1.48248,13.24,4,116.83,21 / 21,14.212921407774715,-4.775908573104923,-0.22215450000023565,231.36117543868747,-77.0003741964266,-2.021802734697387,False,15.301000000000386,12.391119343981845,-5.990965158301606,146.25886166444366,-68.13524727681526,13.763413888887962,115.80322999999166,-1.8218020637928696,-1.2150565851966828,-85.10231377424381,8.865126919611342
8192314.0,1.9893,0.2137,9.8224,-0.0135,-0.0201,9.8066,0.024,0.118,-0.1607,300.55,-89.32,169.84,52.558567,-1.48248,13.24,4,116.83,21 / 21,14.1921954186219,-4.6291090897893135,-0.21038950000019283,232.78143128001247,-77.47062507957303,-2.043429934697487,False,15.40100000000075,12.390838885801532,-6.0749513375360875,147.4961499704103,-68.74659698376313,13.799930555547332,116.11772000004169,-1.8013565328203676,-1.445842247746774,-85.28528130960217,8.7240280958099
8192413.0,-0.3722,-0.9156,9.5985,0.0183,0.0089,9.8066,-0.0253,-0.0138,0.1227,291.5,-89.21,159.81,52.558567,-1.48248,13.24,4,116.83,21 / 21,14.170448147520244,-4.587099459433411,-0.2199133000002082,234.18538213653878,-77.92682740276028,-2.0647299232975413,False,15.50000000000091,12.538751905557502,-6.0062179807049745,148.74094190996735,-69.3300367632851,13.903055555555609,115.59500000000004,-1.6316962419627412,-1.4191185212715638,-85.44444022657143,8.596790639475188
8192514.0,0.991,-1.5103,10.4989,0.0124,-0.013,9.8066,-0.0997,0.1241,0.0057,300.77,-89.22,168.87,52.558567,-1.48248,13.24,4,116.83,21 / 21,14.197616397210156,-4.632065352813663,-0.19546625000051104,235.6179693960299,-78.39239522577299,-2.0857065905723178,False,15.600999999999658,12.543627814828579,-6.010055838220142,149.99736110102148,-69.9476133861276,13.909111111109729,115.60057999999638,-1.6539885823815776,-1.377990485406479,-85.62060829500842,8.444781839645387
8192613.0,0.8231,-1.9814,10.2445,-0.0036,-0.0045,9.8066,0.0437,0.0128,-0.0112,303.31,-89.17,170.28,52.558567,-1.48248,13.24,4,116.83,21 / 21,14.291928033422748,-4.652043129643008,-0.1395263000004205,237.02820184534852,-78.85195859565533,-2.102288721797391,False,15.699999999999818,12.55742927362908,-6.0321494367972734,151.24215304039748,-70.54206146446556,13.931111111108484,115.65799999999314,-1.7344987597936683,-1.3801063071542652,-85.78604880495104,8.309897131189771
8192714.0,1.3899,0.0843,9.8353,-0.0108,-0.0047,9.8066,0.0266,0.0793,-0.0768,301.95,-89.04,170.34,52.558567,-1.48248,13.24,4,116.83,21 / 21,14.330484265905943,-4.61355253258679,-0.11596805000028804,238.47363366647275,-79.31987117660057,-2.115191186472499,False,15.801000000000386,12.536654093522161,-6.235178887755121,152.49870743228544,-71.19288536975192,14.001630555554215,116.44376000002387,-1.7938301723837817,-1.6216263551683312,-85.97492623418731,8.126985806848651
8192814.0,1.3457,-1.5804,9.6455,0.0113,0.0121,9.8066,0.004,-0.0261,0.0297,302.34,-88.99,169.48,52.558567,-1.48248,13.24,4,116.83,21 / 21,14.366043609236256,-4.541703578606242,-0.12259305000031206,239.9084600602351,-79.77763398216189,-2.1271192414725726,False,15.90100000000075,12.679808910938466,-6.057306985396349,153.7693902868744,-71.78255206578078,14.052355555561082,115.53442999995713,-1.68623469829779,-1.515603406790107,-86.13906977336069,7.99508191638111
8192919.0,-0.1355,-1.2831,10.2417,-0.003,-0.0185,9.8066,-0.0137,0.0723,-0.105,303.89,-88.96,173.48,52.558567,-1.48248,13.24,4,116.83,21 / 22,14.420428351589372,-4.5722010807573925,-0.1082133000003718,241.41974983817215,-80.25611397677649,-2.139236574847558,False,16.006000000000313,12.56703276715078,-6.147235853541481,155.08333733413644,-72.4363782345598,13.989955555555515,116.06588000000004,-1.8533955844385925,-1.5750347727840888,-86.3364125040357,7.819735742216693
8193014.0,1.2446,0.0473,10.1661,0.0132,-0.0019,9.8066,-0.0437,0.1274,0.029,303.18,-88.93,172.81,52.558567,-1.48248,13.24,4,116.83,21 / 22,14.402468322930426,-4.5622338599974155,-0.07047455000063188,242.7888374302024,-80.68999963645935,-2.147724247722547,False,16.100999999999658,12.675615162612125,-6.173845847034209,156.28439187885766,-73.0279352443247,14.099205555548401,115.96909000000566,-1.726853160318301,-1.6116119870367935,-86.50444555134473,7.662064392134653
8193114.0,-0.1566,-1.3451,9.3537,-0.0055,-0.0219,9.8066,-0.0339,0.1072,-0.129,302.44,-88.93,172.08,52.558567,-1.48248,13.24,4,116.83,21 / 22,14.38667210716933,-4.554301068976215,-0.07514955000064882,244.22829445171263,-81.14582638290969,-2.1550054527226377,False,16.201000000000022,12.7869691944388,-6.202596132040249,157.56196996411924,-73.65040444371245,14.21192500001304,115.87669000002664,-1.59970291273053,-1.648295063064034,-86.66632448759339,7.495421939197243
8193214.0,1.3366,-0.878,10.3868,-0.0103,-0.0021,9.8066,0.0812,0.0019,0.0525,303.41,-88.81,173.14,52.558567,-1.48248,13.24,4,116.83,21 / 22,14.412238743915117,-4.567930721615399,-0.06878955000062567,245.66823999427208,-81.60193797244094,-2.1622024077227278,False,16.301000000000386,12.713012673904306,-6.104197336105987,158.8330584206923,-74.25119063294677,14.102549999993412,115.6481499999996,-1.6992260700108108,-1.5362666144905877,-86.83518157357977,7.350747339494163
8193313.0,0.908,-1.9871,10.6258,-0.0148,-0.0044,9.8066,0.0756,0.0267,-0.0289,309.96,-88.68,178.43,52.558567,-1.48248,13.24,4,116.83,21 / 22,14.489982067598154,-4.561368594575092,0.0004757999994863399,247.0988999244443,-82.0538382885931,-2.1655839383477895,False,16.400000000000546,12.938977987062252,-6.216821828693433,160.11131250894852,-74.87866360308634,14.354999999979126,115.66299999999877,-1.5510040805359022,-1.6554532341183412,-86.9875874154958,7.175174685506761
8193413.0,-0.5865,-0.2342,9.3368,0.0153,-0.0201,9.8065,-0.0715,0.0434,0.0433,308.5,-88.56,178.18,52.558567,-1.48248,13.24,4,116.83,21 / 22,14.48609809284642,-4.612134023434646,0.01794079999954994,248.54770393247182,-82.51251341949525,-2.1646631083478343,False,16.50000000000091,12.934970192961458,-6.28004711655996,161.39571822479405,-75.51247468483614,14.378888888888962,115.8969999999976,-1.5511278998849622,-1.6679130931253132,-87.15198570767777,7.000038734659114
8193513.0,0.5164,-0.5063,9.7981,0.0219,0.0046,9.8066,-0.0915,-0.0093,0.1635,311.38,-88.48,-178.92,52.558567,-1.48248,13.24,4,116.83,21 / 22,14.413100460672759,-4.6300103411384965,-0.005979200000537022,249.99266386015304,-82.9746206377256,-2.1640650283478813,False,16.600000000001273,12.971031918034083,-6.223865473229733,162.6936440005949,-76.1351662740689,14.386944444444078,115.633000000012,-1.4420685426386761,-1.5938551320912362,-87.29901985955814,6.839454363656699
8193613.0,-1.0173,-0.8354,10.2072,-0.0483,-0.0182,9.8065,-0.0284,-0.0286,-0.1125,323.36,-88.7,-167.32,52.558567,-1.48248,13.24,4,116.83,21 / 22,14.335907784257286,-4.668788987669665,0.013620799999177823,251.43011427237863,-83.43956060415924,-2.163682948347955,False,16.699999999999818,13.038161194831533,-6.171464790263221,163.9983298064835,-76.75785786399767,14.4249999999955,115.33000000003582,-1.2977465894257527,-1.502675802593556,-87.43178446589513,6.681702740161569
8193713.0,-1.8173,-0.7128,9.5599,-0.0245,-0.0105,9.8066,0.0844,0.0089,0.0642,329.98,-88.77,-161.98,52.558567,-1.48248,13.24,4,116.83,21 / 22,14.16636309682758,-4.7709412597864524,0.021310799999205907,252.85522781643806,-83.91154711653377,-2.1619363683480293,False,16.800000000000182,13.167642179749045,-6.090720435967652,165.30977564264418,-77.35831046776336,14.508055555553288,114.82300000001382,-0.9987209170785345,-1.3197791761811999,-87.54545217379388,6.553236648770408
8193814.0,-0.1413,0.1884,10.1178,-0.0238,-0.0269,9.8065,0.0421,0.1201,-0.1129,343.7,-88.52,-147.2,52.558567,-1.48248,13.24,4,116.83,21 / 22,14.010375678452723,-4.786826264817989,0.024562999999224316,254.2781531245977,-84.394214376529,-2.1596197414480955,False,16.90100000000075,13.246049122986744,-6.405062693410572,166.6411635673513,-78.0208098400203,14.713350000004255,115.80586999998523,-0.7643265554659795,-1.6182364285925823,-87.63698955724641,6.373404536508701
8193915.0,-1.5155,-3.1015,10.6635,-0.0125,-0.0229,9.8066,-0.0412,-0.0065,-0.017,343.59,-88.55,-147.32,52.558567,-1.48248,13.24,4,116.83,21 / 22,13.893117478811824,-4.887343611645581,0.0835469999995559,255.6872795290475,-84.88275995529317,-2.1541601864481263,False,17.002000000001317,13.181154270036908,-6.4237493890522375,167.97282189347655,-78.67218972063814,14.663138888890773,115.98207999999464,-0.7119632087749164,-1.5364057774066566,-87.71445763557094,6.210570234655023
8194015.0,0.7055,0.3342,9.6134,-0.0168,-0.0281,9.8066,0.0811,0.2114,-0.1916,347.95,-88.48,-141.95,52.558567,-1.48248,13.24,4,116.83,21 / 22,13.81992015144627,-4.967425377000462,0.11672699999907318,257.0729314105402,-85.3754984047183,-2.144146486448341,False,17.10199999999986,13.370617439391127,-6.387596351091348,169.30495342146833,-79.31645312517959,14.818066666663258,115.5354200000291,-0.44930271205514316,-1.4201709740908859,-87.76797798907188,6.059045279538708
8194114.0,-2.3992,-2.8846,9.9182,-0.0053,-0.0007,9.8066,0.0265,-0.1514,0.0054,339.85,-88.41,-151.06,52.558567,-1.48248,13.24,4,116.83,21 / 22,13.711771503492628,-5.055782367362838,0.11268284999906675,258.4357501474619,-85.87164718806508,-2.1327906988734147,False,17.201000000000022,13.471729744084826,-6.303492582216036,170.64323657688252,-79.92257667125716,14.873536111105569,115.07510999989495,-0.24004175940780215,-1.247710214853198,-87.79251357057936,5.949070516807922
8194213.0,-1.1262,-1.0272,9.5603,-0.0125,-0.0177,9.8066,-0.1075,0.1171,-0.0967,342.58,-88.47,-151.95,52.558567,-1.48248,13.24,4,116.83,21 / 22,13.531905993378986,-5.236334850938226,0.10601024999905603,259.7843121835592,-86.3811069903718,-2.12196539042349,False,17.300000000000182,13.4136304697241,-6.535600539489238,171.96164524403474,-80.59408283289741,14.9211111111098,115.97699999997515,-0.11827552365488714,-1.2992656885510119,-87.82266693952448,5.7870241574743915
8194314.0,-1.6686,-1.9154,9.5143,0.0158,0.0121,9.8066,-0.0376,-0.2429,0.1093,343.74,-88.66,-150.86,52.558567,-1.48248,13.24,4,116.83,21 / 22,13.360251715352454,-5.35575831278716,0.07880589999890324,261.1423661478578,-86.91600769514294,-2.1126321748485406,False,17.40100000000075,13.530882051430389,-6.5581649003453215,173.32723892095692,-81.25647101094751,15.036438888886302,115.85861000004256,0.17063033607793443,-1.202406587558161,-87.81512722690087,5.65953668419543
8194413.0,-0.0086,-1.5324,9.831,-0.0059,-0.0103,9.8066,0.0313,-0.0786,-0.0247,341.99,-88.64,-151.39,52.558567,-1.48248,13.24,4,116.83,21 / 22,13.252697827435288,-5.480286305370971,0.06553989999888184,262.4597071502279,-87.45239190374264,-2.105487057748639,False,17.50000000000091,13.620708294058375,-6.445751927733119,174.6724173072358,-81.88394398327974,15.068888888889798,115.32500000000856,0.3680104666230868,-0.9654656223621485,-87.78728984299212,5.568447920462901
8194513.0,1.1108,1.4574,9.8301,0.0312,0.0467,9.8064,0.0345,-0.2701,0.1477,338.08,-88.7,-155.24,52.558567,-1.48248,13.24,4,116.83,21 / 22,13.218704229913632,-5.406423415749453,0.06792989999889056,263.7832772531002,-87.99672738980064,-2.098813567748726,False,17.600000000001273,13.60280607815957,-6.712589435031835,176.03118335380066,-82.58447201948671,15.16888888888434,116.26499999995725,0.3841018482459386,-1.306166019282382,-87.75209389929955,5.412255370313929
8194613.0,0.0232,-0.3816,10.1881,0.0172,0.0044,9.8066,-0.0641,-0.1495,-0.0421,320.83,-88.81,-173.37,52.558567,-1.48248,13.24,4,116.83,21 / 22,13.165998202207264,-5.290054657044159,0.08817489999859601,265.1025123746871,-88.53155129343254,-2.0910083277489653,False,17.699999999999818,13.865176427472843,-6.342412595118812,177.4237495507227,-83.18492462386334,15.246944444435217,114.58100000019911,0.6991782252655785,-1.0523579380746533,-87.67876282396438,5.346626669569204
8194713.0,2.0509,1.5731,9.7292,0.0274,0.0258,9.8065,0.0508,-0.0464,0.1284,296.52,-88.74,162.76,52.558567,-1.48248,13.24,4,116.83,21 / 22,13.056411724869928,-5.169890448953146,0.10337489999865142,266.4136328710457,-89.05454854873432,-2.081430837749068,False,17.800000000000182,13.771633181484884,-6.645314027713864,178.79603565763253,-83.87433316844256,15.291111111109906,115.75899999996786,0.7152214566149553,-1.4754235787607177,-87.61759721341318,5.180215380291756
8194813.0,0.1423,-0.4829,8.8044,-0.0023,0.0043,9.8066,-0.0675,-0.202,0.0642,303.57,-88.72,169.74,52.558567,-1.48248,13.24,4,116.83,21 / 22,12.955876539039227,-5.058025786766038,0.04938989999845507,267.7142472842459,-89.56594436052214,-2.073792597749185,False,17.900000000000546,13.872577914383072,-6.643053591646678,180.17508179443843,-84.54150272879014,15.381111111103744,115.58800000001399,0.9167013753438447,-1.5850278048806405,-87.53916548980749,5.024441631732003
8194913.0,0.1563,0.1287,8.9947,-0.0247,0.0069,9.8066,-0.0483,0.0509,0.1118,306.94,-88.92,172.96,52.558567,-1.48248,13.24,4,116.83,22 / 23,12.879063622561143,-5.053809049759284,-0.041320100001874915,269.0059942923306,-90.07153610235024,-2.0733891077493545,False,18.00000000000091,13.974488772420592,-6.712555035762137,181.5744080217011,-85.2086722892342,15.503055555555648,115.65699999999768,1.0954251498594498,-1.6587459860028533,-87.43158627062954,4.862863813116036
8195013.0,1.6061,1.4036,9.7859,-0.03,-0.0055,9.8065,0.0095,0.1596,-0.1709,326.5,-89.23,-166.79,52.558567,-1.48248,13.24,4,116.83,22 / 23,12.810119857401236,-4.919697103102687,-0.08295510000202634,270.2904534663334,-90.57021140999515,-2.079602867749572,False,18.100000000001273,14.013142156695313,-6.654828289744773,182.97373424874837,-85.87584184887383,15.5130555555551,115.40300000001156,1.2030222992940764,-1.7351311866420867,-87.31671921758505,4.69436956112132
8195113.0,2.2876,2.0143,10.2706,0.0218,-0.0012,9.8066,0.1479,-0.1439,0.0326,313.31,-89.17,177.79,52.558567,-1.48248,13.24,4,116.83,22 / 23,12.747353944609593,-4.6378304453876344,-0.060795100002348765,271.56832715641536,-91.04808778741271,-2.0867903777496863,False,18.199999999999818,14.02374202953494,-6.792028574627228,184.37306047575674,-86.56525039405702,15.5819444444363,115.8419999999481,1.2763880849253475,-2.1541981292395933,-87.19526668065862,4.482837393355695
8195214.0,1.9498,-0.2889,10.6369,0.0525,-0.0036,9.8065,0.0447,-0.1567,0.1245,307.18,-88.6,173.44,52.558567,-1.48248,13.24,4,116.83,22 / 23,12.722903537354838,-4.404012058722822,0.004561999998018568,272.8545751592618,-91.50470083387286,-2.089630149299921,False,18.301000000000386,14.088924282048227,-6.926173410305377,185.79334279626804,-87.26144182917614,15.699361111109893,116.17894000001566,1.3660207446933885,-2.5221613515825547,-87.06123236299376,4.243259004696725
8195314.0,2.0014,1.9748,10.3414,0.0094,0.0097,9.8066,-0.0127,0.0608,0.0035,308.37,-88.35,174.79,52.558567,-1.48248,13.24,4,116.83,22 / 23,12.677738710594253,-4.189376880446836,0.07281199999826696,274.1246072716639,-91.93437028083291,-2.0857614493000924,False,18.40100000000075,14.203043678659467,-6.7999615414162,187.21294911355875,-87.93995327179573,15.746938888882354,115.58357999996383,1.525304968065214,-2.610584660969364,-86.91165815810513,3.9944170090371784
8195413.0,1.1448,1.0487,9.6153,0.0134,0.0239,9.8066,-0.0747,-0.0434,0.1057,306.04,-88.41,172.45,52.558567,-1.48248,13.24,4,116.83,22 / 23,12.554632256391994,-3.969768836742279,0.08981029999829448,275.3736096345317,-92.33824799383443,-2.0777116454502496,False,18.50000000000091,14.22242716241574,-6.9481140654546225,188.61835936788938,-88.63347602914047,15.828888888888871,116.03699999999512,1.6677949060237456,-2.9783452287123433,-86.75525026664232,3.704771964693961
8195513.0,3.0497,1.4868,9.7861,0.0167,-0.0024,9.8066,-0.051,0.1745,-0.0487,307.41,-88.59,173.6,52.558567,-1.48248,13.24,4,116.83,22 / 23,12.479115586900356,-3.722248242000439,0.07921529999825594,276.6252970267009,-92.72284884777297,-2.069260365450391,False,18.600000000001273,14.285167151775484,-6.8136752119078405,190.04472571524934,-89.31176508120498,15.826944444444532,115.50000000002441,1.806051564875128,-3.0914269699074017,-86.58057131145154,3.411083766567984
8195614.0,2.0993,0.2202,10.2417,0.0111,0.0125,9.8066,0.0365,0.0777,0.0014,303.5,-88.49,169.88,52.558567,-1.48248,13.24,4,116.83,22 / 23,12.460878477341396,-3.4578659400891283,0.10014754999799659,277.88476672692946,-93.085444613964,-2.0602025415256926,False,18.701000000000022,14.276404352126553,-7.225460504660073,191.47879849690355,-90.06344278623945,16.000769444448384,116.84449000016733,1.8155258747851573,-3.7675945645709445,-86.4059682300259,3.0220018277245515
8195714.0,0.3314,1.4312,10.0386,-0.0028,-0.0012,9.8066,0.0443,0.1414,-0.0748,303.78,-88.34,170.3,52.558567,-1.48248,13.24,4,116.83,22 / 23,12.358900625918112,-3.3120052033017835,0.133497549998118,279.12575568209695,-93.42393817113478,-2.0485202865258443,False,18.801000000000386,14.42214133711862,-6.852929138484661,192.92530973411218,-90.73105712567816,15.967505555554105,115.4155099999806,2.063240711200507,-3.540923935182877,-86.20044594798478,2.692881045456616
8195814.0,2.7912,-0.7951,10.6327,-0.0306,-0.0104,9.8065,0.2754,0.0565,-0.0204,306.53,-88.16,175.54,52.558567,-1.48248,13.24,4,116.83,22 / 23,12.32321616916947,-3.168615022066947,0.18639754999831054,280.3598615218558,-93.74796918240439,-2.0325255315259647,False,18.90100000000075,14.383021476650004,-7.063898392583086,194.35857131218643,-91.44270465573986,16.024044444436637,116.15694000001626,2.0598053074805343,-3.895283370516139,-86.00129020966938,2.30526452666453
8195915.0,2.844,1.4842,9.7686,0.0065,-0.0107,9.8066,-0.0059,0.1159,0.0125,308.92,-87.89,176.86,52.558567,-1.48248,13.24,4,116.83,22 / 23,12.370013527834688,-2.9145104718060653,0.22619154999853416,281.60686962156154,-94.0551670198467,-2.011689781976007,False,19.002000000001317,14.492906673959059,-7.0671929082309815,195.81914341199465,-92.16324778140871,16.124405555557033,115.99500000002521,2.1228931461243707,-4.152682436424916,-85.7877262095669,1.8919192384379926
8196014.0,2.747,2.2796,8.6291,-0.0659,-0.0175,9.8064,-0.0431,0.37,-0.1175,317.77,-88.09,-173.43,52.558567,-1.48248,13.24,4,116.83,22 / 23,12.3281767850809,-2.5684363235202916,0.16601934999954243,282.82943004203037,-94.32657288621081,-1.9922753424264277,False,19.100999999999658,14.337790833432692,-7.635202237221696,197.22489166757086,-92.9547332683015,16.2441000000056,118.03623000010433,2.009614048351791,-5.0667659137014045,-85.60453837445951,1.3718396179093162
8196114.0,-0.0145,-0.3209,9.1105,-0.0038,0.0144,9.8066,0.0446,-0.2366,0.0848,313.99,-88.27,-177.29,52.558567,-1.48248,13.24,4,116.83,22 / 23,12.26590685974445,-2.383378045810519,0.07233434999920163,284.05913422427614,-94.57416360467825,-1.9803576574264472,False,19.201000000000022,14.472287104181529,-7.178715475222377,198.67809533441203,-93.64469778881436,16.154919444445376,116.38287999992066,2.2063802444370797,-4.795337429411859,-85.3810388898641,0.9294658158638924
8196214.0,-0.4495,-1.4732,10.4997,-0.0063,-0.0001,9.8066,0.0239,0.0392,0.0129,315.02,-88.25,-177.4,52.558567,-1.48248,13.24,4,116.83,22 / 23,12.21421048404199,-2.4453791834756013,0.07217934999920116,285.28314009146993,-94.81560146614343,-1.9731319724265008,False,19.301000000000386,14.37809845533604,-7.348891167878044,200.11115411174958,-94.38992618611908,16.1473361111101,117.07232999997848,2.1638879712940504,-4.903511984402442,-85.17198597972035,0.4256752800243504
8196313.0,0.0203,-1.1902,10.2981,0.0271,0.0237,9.8066,0.0462,-0.3797,0.2143,315.26,-88.24,-175.99,52.558567,-1.48248,13.24,4,116.83,22 / 23,12.194480648163205,-2.535267196929504,0.13081209999929605,286.49137030251603,-95.06214346197389,-1.963083895651559,False,19.400000000000546,14.305125237019844,-7.573214961580333,201.52325679565968,-95.14949873116778,16.186111111107905,117.89699999993182,2.1106445888566387,-5.037947764650829,-84.96811350685635,-0.08735526919389258
8196413.0,-0.3153,-1.1126,10.2038,-0.0032,0.0091,9.8065,0.028,-0.2524,0.1554,314.02,-88.16,-175.88,52.558567,-1.48248,13.24,4,116.83,22 / 23,12.167275830040918,-2.608930312156003,0.1752420999994577,287.70945812643066,-95.3193533374291,-1.9477811856515657,False,19.50000000000091,14.30512523701381,-7.573214961598881,201.52325679577643,-95.14949873123058,16.18611111111111,117.897,2.137849406972892,-4.964284649442877,-86.18620133065423,0.16985460619852688
